Vl (V),Grad_-19_I,Grad_-18_I,Grad_-17_I,Grad_-16_I,Grad_-15_I,Grad_-14_I,Grad_-13_I,Grad_-12_I,Grad_-11_I,Grad_-10_I,Grad_-9_I,Grad_-8_I,Grad_-7_I,Grad_-6_I,Grad_-5_I,Grad_-4_I,Grad_-3_I,Grad_-2_I,Grad_-1_I,Grad_0_I,Grad_1_I,Grad_2_I,Grad_3_I,Grad_4_I,Grad_5_I,Grad_6_I,Grad_7_I,Grad_8_I,Grad_9_I,Grad_10_I,Grad_11_I,Grad_12_I,Grad_13_I,Grad_14_I,Grad_15_I,Grad_16_I,Grad_17_I,Grad_18_I,Grad_19_I
0,0.015690416,0.014382234,0.013098258,0.011841199,0.010614007,0.00941988,0.008262263,0.007144872,0.00607173,0.005047286,0.004076702,0.003166516,0.002326057,0.001570166,0.000923603,0.000425057,0.0001192,9.80E-06,7.56E-09,-5.09E-09,-1.77E-08,-2.15E-05,-0.000271474,-0.001084943,-0.002728417,-0.005327958,-0.008874931,-0.013284272,-0.018444038,-0.024242408,-0.030578998,-0.037368041,-0.044537976,-0.052029722,-0.059794669,-0.067792794,-0.075991049,-0.084362029,-0.092882893
0.02,0.017160011,0.01582825,0.014514663,0.013221053,0.011949368,0.010701709,0.009480365,0.00828789,0.007127242,0.00600209,0.004917398,0.003880542,0.002903345,0.002005482,0.001219294,0.000593603,0.000186225,1.98E-05,2.82E-08,9.91E-09,-8.44E-09,-1.52E-05,-0.000214798,-0.000886813,-0.002270031,-0.004512165,-0.007647428,-0.011627551,-0.016364648,-0.021760316,-0.027720523,-0.034161623,-0.041011818,-0.048210579,-0.055707294,-0.063459763,-0.071432783,-0.079596914,-0.08792745
0.04,0.018469228,0.017112696,0.015769366,0.014440402,0.013127067,0.011830751,0.010553036,0.009295821,0.008061543,0.006853589,0.005677025,0.004539863,0.003455163,0.002444316,0.001541512,0.000798002,0.000279943,3.73E-05,9.57E-08,4.66E-08,-2.50E-09,-1.01E-05,-0.000167769,-0.000728511,-0.001902037,-0.003839778,-0.006607365,-0.010190339,-0.014525956,-0.019531512,-0.025121571,-0.031216446,-0.037745497,-0.044647762,-0.051871356,-0.059372416,-0.06711394,-0.075064708,-0.08319832
0.06,0.019668935,0.018288554,0.016917442,0.01555634,0.014206072,0.012867593,0.011542073,0.010231051,0.008936685,0.007662187,0.006412543,0.005195673,0.004024279,0.002918649,0.001910728,0.001049631,0.000406823,6.39E-05,2.11E-07,1.05E-07,-5.38E-10,-6.02E-06,-0.000127568,-0.000597126,-0.00160119,-0.003282398,-0.005725592,-0.008945181,-0.012903243,-0.017534263,-0.022763263,-0.028516199,-0.03472494,-0.041329118,-0.048276335,-0.055521615,-0.063026557,-0.070758441,-0.078689378
0.08,0.020799578,0.019397594,0.018001875,0.016612888,0.015231182,0.013857444,0.012492585,0.011137896,0.009795277,0.008467628,0.007159443,0.005877745,0.004633526,0.003444014,0.002336408,0.001354564,0.000571163,0.000100949,3.76E-07,1.88E-07,-1.02E-10,-3.21E-06,-9.33E-05,-0.000484706,-0.001349723,-0.00281601,-0.004976051,-0.007866664,-0.011473067,-0.015747585,-0.020627121,-0.026044743,-0.031936101,-0.038242431,-0.044911592,-0.051898073,-0.059162502,-0.066670971,-0.074394329
0.1,0.021891834,0.020471144,0.019054475,0.017642114,0.016234427,0.014831909,0.013435261,0.012045516,0.01066423,0.009293763,0.007937715,0.006601576,0.005293739,0.004027206,0.002822783,0.001716,0.000774658,0.000148079,6.21E-07,3.10E-07,-1.86E-11,-1.55E-06,-6.52E-05,-0.000387048,-0.00113482,-0.002420867,-0.004335814,-0.006931513,-0.010213382,-0.014151369,-0.018695178,-0.023786209,-0.029365043,-0.035375487,-0.041766425,-0.048492402,-0.055513519,-0.062795018,-0.070306733
0.12,0.022967935,0.02153159,0.020097603,0.018666131,0.017237396,0.01581172,0.014389582,0.012971708,0.011559184,0.010153638,0.008757487,0.007374297,0.006009367,0.004670752,0.003371426,0.002134982,0.001016808,0.000205073,1.01E-06,5.05E-07,-3.33E-12,-7.01E-07,-4.33E-05,-0.000302434,-0.000947925,-0.002081315,-0.003785106,-0.006118675,-0.009103639,-0.012726476,-0.016950074,-0.021725083,-0.026998011,-0.032716139,-0.038830121,-0.045295149,-0.052071259,-0.059123193,-0.066420035
0.14,0.024043283,0.022594178,0.021146192,0.019699372,0.018253803,0.016809626,0.015367072,0.013926496,0.012488431,0.011053646,0.009623212,0.008198583,0.006781679,0.005375029,0.003982223,0.002610705,0.001295811,0.000273387,1.69E-06,8.46E-07,-5.86E-13,-3.04E-07,-2.75E-05,-0.000230444,-0.000783862,-0.001785514,-0.003307291,-0.005409383,-0.00812487,-0.011454831,-0.01537514,-0.019846277,-0.024821498,-0.030252364,-0.036092008,-0.042296849,-0.048827321,-0.055648027,-0.062727583
0.16,0.025128071,0.0236688,0.022209705,0.020750732,0.019291823,0.01783293,0.016374006,0.014915002,0.013455848,0.011996397,0.010536316,0.009074848,0.007610328,0.006139158,0.004653778,0.003140925,0.001609623,0.000356068,2.97E-06,1.48E-06,-1.02E-13,-1.29E-07,-1.68E-05,-0.000170969,-0.000639853,-0.00152499,-0.002888797,-0.004787208,-0.007259767,-0.010319495,-0.013954469,-0.018135202,-0.022822305,-0.027972316,-0.033541497,-0.039488055,-0.045773279,-0.052362001,-0.059222657
0.18,0.026228725,0.024761537,0.023293796,0.021825341,0.020355975,0.018885448,0.017413426,0.015939446,0.01446282,0.012982477,0.011496659,0.010002342,0.008494056,0.006961383,0.005383684,0.003722478,0.00195707,0.000457174,5.37E-06,2.69E-06,-1.76E-14,-5.37E-08,-9.91E-06,-0.000123559,-0.000514538,-0.001294044,-0.002518943,-0.004238072,-0.006492746,-0.009304743,-0.012672984,-0.016577825,-0.020987596,-0.025864371,-0.031168125,-0.036859377,-0.042900718,-0.049257572,-0.055898491
0.2,0.02734907,0.025875896,0.024401595,0.022925903,0.021448482,0.019968882,0.018486486,0.01700042,0.015509391,0.014011411,0.012503292,0.010979669,0.009431002,0.007839286,0.006168791,0.004351822,0.002338393,0.000581404,9.71E-06,4.85E-06,-2.99E-15,-2.23E-08,-5.74E-06,-8.72E-05,-0.000407162,-0.001089067,-0.002189655,-0.003750212,-0.005809998,-0.008396124,-0.011516501,-0.015160727,-0.019304946,-0.023917176,-0.028961596,-0.034401518,-0.04020126,-0.046327198,-0.052748294
0.22,0.028491211,0.027013717,0.025534642,0.024053627,0.022570197,0.021083712,0.019593283,0.018097639,0.016594896,0.015082164,0.013554806,0.012005016,0.010418873,0.008769948,0.007005465,0.005025514,0.002755196,0.000733877,1.70E-05,8.48E-06,-5.06E-16,-9.17E-09,-3.27E-06,-6.02E-05,-0.000316969,-0.000907841,-0.001895071,-0.003314068,-0.005199505,-0.007580517,-0.010471784,-0.01387115,-0.017762387,-0.022119684,-0.026911812,-0.032105302,-0.037666593,-0.043563362,-0.04976527
0.24,0.02965616,0.028175798,0.026693507,0.025208835,0.023721184,0.022229733,0.020733336,0.01923034,0.017718289,0.016193385,0.014649509,0.013076283,0.01145505,0.009750099,0.007889837,0.005740549,0.003210091,0.00092,2.81E-05,1.40E-05,-8.01E-17,-3.76E-09,-1.84E-06,-4.09E-05,-0.000242876,-0.000748927,-0.001631085,-0.002922098,-0.00465102,-0.006846174,-0.009526601,-0.012697052,-0.016348453,-0.020461193,-0.025008908,-0.029961703,-0.035288498,-0.040958596,-0.04694264
0.26,0.030844254,0.029362314,0.027878188,0.026391343,0.024901063,0.023406363,0.021905851,0.020397507,0.018878303,0.017343526,0.015785514,0.014191159,0.012536683,0.010776256,0.00881802,0.006494542,0.00370625,0.001145453,4.45E-05,2.23E-05,1.12E-11,-1.50E-09,-1.03E-06,-2.73E-05,-0.000183381,-0.000611167,-0.001394866,-0.002568519,-0.004155996,-0.006182734,-0.008669764,-0.011627149,-0.015052218,-0.018931382,-0.023243284,-0.027961875,-0.033058868,-0.038505497,-0.044273658
0.28,0.032055429,0.030573074,0.029088359,0.027600679,0.026109211,0.024612814,0.02310986,0.021597968,0.020073536,0.018530907,0.016960798,0.015347185,0.013660775,0.011844847,0.009786278,0.007285772,0.004246995,0.001416266,6.93E-05,3.47E-05,1.30E-09,5.52E-07,3.48E-07,-1.71E-05,-0.000135531,-0.000492076,-0.001182834,-0.002247041,-0.003705053,-0.005578314,-0.007887768,-0.010647078,-0.013858994,-0.017515579,-0.021600474,-0.026091658,-0.030963897,-0.036190621,-0.041745234
0.3,0.033289384,0.031807674,0.030323506,0.02883621,0.027344864,0.025848177,0.024344291,0.022830462,0.021302499,0.019753757,0.018173239,0.016541808,0.014824259,0.012952316,0.010791139,0.008113117,0.004835478,0.001738826,0.000109093,5.45E-05,1.55E-09,2.17E-06,2.18E-05,4.70E-05,-3.15E-06,-0.000254536,-0.000805524,-0.001700187,-0.002958798,-0.004602278,-0.00665448,-0.009135307,-0.012055135,-0.015413295,-0.019199448,-0.023396117,-0.027981265,-0.032930427,-0.038218277
0.32,0.034545682,0.033065591,0.031583011,0.030097212,0.028607179,0.027111474,0.025608009,0.024093665,0.022563638,0.021010243,0.01942066,0.017772427,0.01602406,0.014095211,0.011829473,0.008975929,0.005474453,0.002119688,0.000174638,8.73E-05,5.56E-08,2.56E-06,2.64E-05,7.44E-05,8.72E-05,-4.48E-05,-0.000413684,-0.001055375,-0.001976474,-0.003188072,-0.004716174,-0.006595468,-0.008858835,-0.011529763,-0.014619394,-0.018127079,-0.022042708,-0.026349491,-0.031026479
0.34,0.035823809,0.034346231,0.032866193,0.031382906,0.029895265,0.028401683,0.026899834,0.025386211,0.023855362,0.022298498,0.020700854,0.019036438,0.017257154,0.015270245,0.01289852,0.009873872,0.006166138,0.00256516,0.000279319,1.40E-04,9.88E-08,2.16E-05,9.27E-05,0.000156543,0.000186486,0.0001014,-0.000187201,-0.000717255,-0.00148648,-0.002487334,-0.003726971,-0.005229164,-0.007027079,-0.009154404,-0.011638714,-0.01449809,-0.017740464,-0.021364671,-0.025362288
0.36,0.037123202,0.035648959,0.034172333,0.032692479,0.031208198,0.02971775,0.02821856,0.02670671,0.025176057,0.023616637,0.022011617,0.020331272,0.018520613,0.016474346,0.013995887,0.01080678,0.006912117,0.003080849,0.000434859,2.17E-04,1.15E-07,2.54E-05,0.000157667,0.000359436,0.000528966,0.000573557,0.000417202,2.51E-05,-0.000597545,-0.001431598,-0.002465324,-0.003703415,-0.005165969,-0.006882519,-0.008884995,-0.011201985,-0.013855203,-0.01685807,-0.020215855
0.38,0.038443271,0.036973115,0.035500692,0.034025099,0.032545037,0.031058607,0.029562967,0.028053759,0.026524104,0.024962782,0.02335077,0.02165442,0.01981164,0.017704684,0.015119528,0.011774515,0.0077133,0.003671351,0.000649473,3.26E-04,3.42E-06,3.70E-05,0.000176888,0.000401949,0.000618204,0.000738431,0.000687328,0.000423973,-5.23E-05,-0.0007214,-0.001563754,-0.002570888,-0.003748658,-0.005115412,-0.00669777,-0.008525672,-0.010627914,-0.01302887,-0.015746631
0.4,0.039783407,0.038318022,0.036850513,0.035379916,0.033904827,0.032423173,0.030931825,0.029425953,0.02789789,0.026335078,0.024716181,0.023003465,0.021127596,0.018958684,0.016267701,0.01277687,0.008569906,0.004340088,0.000934758,4.70E-04,5.18E-06,0.000148032,0.000479395,0.000833276,0.001106643,0.001252101,0.001226406,0.000999924,0.000572188,-3.64E-05,-0.000801043,-0.001704423,-0.002740904,-0.003917156,-0.005250121,-0.006763804,-0.008485654,-0.010443174,-0.012661207
0.42,0.041142991,0.039682993,0.038221032,0.036756076,0.035286609,0.033810366,0.032323908,0.030821896,0.029295822,0.027731706,0.026105783,0.024376097,0.022466015,0.020234031,0.017438923,0.013813495,0.009481482,0.005089168,0.001314352,6.60E-04,6.09E-06,0.000164193,0.000562803,0.001049927,0.001483656,0.001786172,0.001908516,0.001821092,0.001520723,0.001025759,0.000363147,-0.000442127,-0.001372801,-0.002421656,-0.003591736,-0.004895159,-0.006350993,-0.007982625,-0.009815054
0.44,0.042521397,0.041067334,0.039611478,0.038152722,0.036689421,0.035219104,0.033737997,0.032240211,0.030716336,0.029150897,0.02751759,0.025770132,0.023824621,0.02152866,0.018631926,0.014883857,0.010446947,0.005919201,0.001818304,9.57E-04,9.59E-05,0.000340175,0.000745525,0.001239511,0.001694598,0.00203491,0.002213964,0.002201507,0.001989334,0.00158999,0.001026594,0.000323239,-0.000500517,-0.001432091,-0.002466701,-0.003607305,-0.004863892,-0.006252196,-0.007792006
0.46,0.043917995,0.04247035,0.041021082,0.039568995,0.038112307,0.036648318,0.035172889,0.033679542,0.03215791,0.030590942,0.028949705,0.027183517,0.025201324,0.022840745,0.019845609,0.015987224,0.011464647,0.006829163,0.002464573,1.30E-03,0.000145402,0.000703694,0.00139845,0.002080424,0.00265334,0.003064478,0.003285909,0.003301967,0.003112428,0.002733091,0.002188981,0.001506495,0.000708427,-0.000188283,-0.001173286,-0.002242909,-0.003399888,-0.004652794,-0.006015148
0.48,0.045332152,0.043891346,0.042449073,0.041004044,0.039554318,0.03809695,0.036627402,0.035138568,0.033619067,0.0320502,0.03040033,0.028614341,0.026594223,0.024168682,0.021079,0.017122668,0.012532442,0.007816428,0.00325116,1.71E-03,0.000174315,0.000778284,0.00154435,0.002314064,0.002984238,0.003498234,0.003828032,0.003957593,0.003882968,0.003614415,0.003172373,0.002581037,0.001863552,0.001039458,0.000123578,-0.00087441,-0.001950113,-0.003104366,-0.004342968
0.5,0.046763239,0.045329628,0.043894688,0.042457023,0.04101452,0.03956396,0.038100381,0.036616004,0.035098383,0.033527106,0.031867772,0.030060833,0.028001605,0.025511069,0.022331225,0.018289085,0.013647799,0.008876985,0.004169769,2.57E-03,0.000965457,0.001632593,0.002367984,0.003100859,0.003745084,0.004243454,0.004567207,0.004702469,0.004646658,0.004408809,0.004006597,0.003461315,0.002793829,0.002022392,0.00116175,0.000222854,-0.000787245,-0.001865457,-0.003012671
0.52,0.048210628,0.046784507,0.04535717,0.043927099,0.04249199,0.04104833,0.0395907,0.038110609,0.036594493,0.035020175,0.033350445,0.031521367,0.029421929,0.026866685,0.023601479,0.019485226,0.014807894,0.010005738,0.00521608,3.30E-03,0.001383549,0.002298586,0.003196318,0.004047153,0.004788259,0.005370173,0.005766211,0.005963679,0.005960636,0.005766267,0.005398618,0.004880028,0.004233023,0.003477867,0.002631524,0.001707401,0.000715387,-0.00033807,-0.001449914
0.54,0.049673694,0.048255301,0.046835772,0.045413451,0.043985827,0.042549069,0.041097269,0.039621187,0.038106096,0.036528004,0.034846873,0.032994453,0.030853825,0.02823447,0.024889007,0.020709728,0.016009716,0.011196854,0.006381081,4.05E-03,0.001722817,0.002643832,0.00356051,0.004439411,0.005217503,0.005845038,0.006296027,0.006558671,0.006630006,0.006515918,0.006230261,0.005791687,0.005220176,0.004534652,0.003751796,0.002885613,0.001947363,0.000945602,-0.000113802
0.56,0.051151821,0.049741338,0.048329757,0.046915274,0.04549515,0.044065212,0.042619034,0.041146591,0.039631952,0.038049275,0.036355687,0.03447874,0.032296077,0.029613506,0.026193094,0.02196115,0.017250171,0.012444123,0.00764627,5.73E-03,0.003807122,0.004457703,0.005216858,0.005993294,0.006704666,0.007287261,0.007703993,0.007937663,0.0079846,0.00785168,0.00755349,0.00710867,0.006536633,0.005855475,0.005081026,0.004226614,0.00330315,0.002319296,0.001281594
0.58,0.0526444,0.051241954,0.049838404,0.048431781,0.047019101,0.045595825,0.044154982,0.042685726,0.04117089,0.039582755,0.037875628,0.035973004,0.033747612,0.031002998,0.027513052,0.023238012,0.018526167,0.013741303,0.008992661,6.84E-03,0.004692393,0.005289722,0.006046055,0.006840681,0.007584657,0.008211694,0.008682577,0.008977703,0.009090065,0.009022513,0.008785946,0.008396523,0.007872562,0.007232167,0.00649186,0.005666017,0.004766766,0.003804087,0.002785976
0.6,0.054150829,0.052756498,0.051361006,0.049962205,0.048556848,0.047140007,0.04570414,0.04423755,0.042721805,0.041127295,0.039405536,0.037476145,0.035207491,0.032402257,0.028848214,0.024538825,0.019834699,0.015082407,0.010404779,8.19E-03,0.005967779,0.006444756,0.007104462,0.007831115,0.008531947,0.009134982,0.009596034,0.009893003,0.010018084,0.009973294,0.009767844,0.009415563,0.008932355,0.008334229,0.007636105,0.006851266,0.005991203,0.00506567,0.0040828
0.62,0.055670519,0.054284332,0.052896873,0.0515058,0.050107585,0.048696891,0.047265578,0.045801076,0.044283662,0.042681829,0.040944354,0.038987176,0.036674893,0.033810688,0.030197937,0.025862116,0.021172904,0.016461914,0.011868386,1.00E-02,0.008226303,0.008509333,0.009005698,0.009618063,0.010245085,0.010803998,0.011239957,0.011522333,0.011637754,0.011585209,0.011372586,0.011013374,0.010523618,0.009919622,0.009216583,0.00842797,0.007565378,0.006638615,0.005655886
0.64,0.05720289,0.055824832,0.054445332,0.053061842,0.051670534,0.050265643,0.048838411,0.047375369,0.045855489,0.044245372,0.042491121,0.04050522,0.038149107,0.035227772,0.031561597,0.027206458,0.022538111,0.017874894,0.013372288,1.13E-02,0.009229924,0.009445587,0.009888002,0.010468861,0.011084263,0.011648705,0.012105195,0.012421251,0.01258121,0.012580939,0.012424712,0.012122638,0.011688141,0.01113582,0.010479984,0.009733817,0.008909028,0.00801578,0.007062767
0.66,0.058747377,0.057377389,0.056005731,0.05462963,0.053244948,0.051845469,0.050421797,0.048959549,0.047436381,0.045817016,0.044044964,0.042029498,0.039629517,0.036653059,0.03293859,0.028570484,0.023927864,0.019317061,0.014908839,1.31E-02,0.011373511,0.011503604,0.011822296,0.012284786,0.01280364,0.013294014,0.013693421,0.013963857,0.014086578,0.014056502,0.013877822,0.013560475,0.013117299,0.012561977,0.011907745,0.011166729,0.010349694,0.009466016,0.00852378
0.68,0.060303425,0.058941411,0.057577435,0.05620849,0.054830106,0.053435607,0.052014939,0.05055279,0.049025496,0.047395929,0.045605097,0.043559322,0.041115593,0.038086154,0.034328337,0.0299529,0.025339938,0.020784762,0.016471803,1.48E-02,0.013093949,0.013171289,0.013408152,0.013795688,0.01426019,0.014718596,0.015105648,0.015379045,0.015515404,0.015505232,0.015348997,0.015053927,0.01463123,0.014093843,0.013454866,0.012726636,0.011920272,0.011045549,0.010110924
0.7,0.061870495,0.060516322,0.059159831,0.057797769,0.056425322,0.055035335,0.053617084,0.052154317,0.050622055,0.048981349,0.047170811,0.045094087,0.042606881,0.039526715,0.03573028,0.031352494,0.026772338,0.022274928,0.0180567,1.62E-02,0.014434335,0.014485539,0.014672544,0.015006573,0.015426467,0.015853401,0.016222125,0.016489093,0.016629625,0.016632898,0.016497762,0.016229525,0.015837403,0.015332526,0.014726536,0.01403069,0.01325539,0.012409971,0.011502671
0.72,0.063448062,0.062101564,0.060752329,0.059396843,0.058029937,0.056643964,0.05522752,0.053763407,0.052225337,0.050572581,0.048741472,0.046633265,0.044102995,0.040974436,0.037143887,0.03276814,0.028223291,0.023784998,0.019660513,1.82E-02,0.016717015,0.016744143,0.016866152,0.01711405,0.017450198,0.0178066,0.018119145,0.0183413,0.01844491,0.018416652,0.01825401,0.0179617,0.017548723,0.0170261,0.016405332,0.015697471,0.014912656,0.014059928,0.013147224
0.74,0.065035616,0.063696598,0.062354356,0.061005111,0.059643323,0.058260844,0.056845581,0.055379386,0.053834678,0.052168995,0.050316515,0.048176396,0.045603607,0.04242905,0.038568652,0.0341988,0.029691231,0.025312845,0.02128055,1.97E-02,0.018085043,0.018101474,0.018191918,0.018397928,0.018696003,0.019025909,0.019326186,0.019550086,0.019667652,0.01966284,0.01953002,0.019270925,0.018892082,0.018402729,0.017813243,0.017134094,0.016375211,0.015545675,0.014653595
0.76,0.066632663,0.0653009,0.063965366,0.062621999,0.061264884,0.05988536,0.058470639,0.057001628,0.055449468,0.053770018,0.051895438,0.04972308,0.047108439,0.043890319,0.040004096,0.035643521,0.031174777,0.026856692,0.022914875,2.15E-02,0.020005072,0.020014354,0.020076054,0.020233026,0.02047491,0.020751475,0.021005052,0.02118912,0.021273068,0.021240489,0.021085715,0.020810426,0.020420846,0.019925626,0.019334381,0.018656755,0.017901896,0.017078196,0.016193195
0.78,0.068238723,0.066913969,0.06558483,0.064246958,0.062894051,0.06151693,0.060102108,0.058629551,0.057069146,0.055375135,0.053477793,0.051272974,0.04861726,0.04535803,0.041449764,0.037101432,0.032672718,0.028415046,0.024561991,2.32E-02,0.0218993,0.021904262,0.021944731,0.022061843,0.022256872,0.02249057,0.022710738,0.022871912,0.022942142,0.022902731,0.022745646,0.022470598,0.022082413,0.021588894,0.020999225,0.020322898,0.019569058,0.018746164,0.01786184
0.8,0.069853334,0.068535319,0.067212244,0.065879465,0.064530287,0.063155008,0.06173944,0.060262619,0.058693202,0.05698388,0.05506319,0.052825783,0.050129875,0.046831991,0.042905231,0.038571737,0.034183983,0.029986642,0.026220437,2.48E-02,0.023330057,0.023332967,0.023361709,0.023454732,0.023619952,0.023825832,0.024024883,0.024173564,0.024240153,0.024205257,0.024059603,0.023801361,0.02343374,0.022963042,0.022397192,0.021744716,0.021014078,0.020213289,0.01934972
0.82,0.071476048,0.070164484,0.068847124,0.067519022,0.066173084,0.06479908,0.063382125,0.061900334,0.060321169,0.058595837,0.056651282,0.054381257,0.051646121,0.04831203,0.044370093,0.040053712,0.035707632,0.031570392,0.027889169,2.67E-02,0.025485519,0.02548702,0.025505014,0.025570744,0.02569605,0.025857586,0.026013411,0.026122081,0.026152082,0.026083717,0.025907525,0.025621695,0.025229545,0.024737442,0.024153274,0.023485414,0.022742085,0.021931012,0.021059256
0.84,0.073106436,0.071801019,0.07048901,0.069165155,0.06782196,0.066448663,0.065029688,0.063542242,0.061952623,0.06021063,0.058241768,0.055939183,0.053165866,0.049797988,0.045843972,0.041546697,0.037242829,0.033165352,0.029567229,2.83E-02,0.027037339,0.027038168,0.027050245,0.027099989,0.027201973,0.027339609,0.027476595,0.027574448,0.027602304,0.027539565,0.027375036,0.027104912,0.026730668,0.026257193,0.025691329,0.025040791,0.024313453,0.023516904,0.022658206
0.86,0.074744083,0.073444493,0.072137459,0.070817416,0.069476462,0.068103308,0.066681688,0.065187921,0.06358718,0.061827928,0.059834385,0.057499384,0.054689,0.051289721,0.047326514,0.043050091,0.038788829,0.034770694,0.031253714,3.01E-02,0.028859651,0.028860099,0.028867979,0.028904275,0.028983483,0.029093337,0.029201713,0.029272572,0.029276199,0.029192577,0.029010866,0.02872744,0.02834372,0.027864322,0.027295642,0.026644864,0.025919319,0.025126092,0.024271812
0.88,0.076388591,0.075094497,0.073792054,0.072475379,0.071136163,0.069762591,0.068337717,0.066836988,0.06522449,0.063447434,0.061428905,0.05906171,0.056215431,0.052787095,0.048817384,0.044563345,0.040344967,0.036385684,0.032947966,3.19E-02,0.030794591,0.030794822,0.030799741,0.030825233,0.030884824,0.030970208,0.031053912,0.031102831,0.031088333,0.030990275,0.030797134,0.030504483,0.030113067,0.029627027,0.029052466,0.028396418,0.027666141,0.026868691,0.02601068
0.9,0.078039577,0.076750639,0.075452394,0.074138641,0.072800662,0.071426119,0.069997396,0.068489089,0.06686424,0.065068884,0.063025132,0.06062604,0.057745088,0.054289986,0.05031627,0.046085954,0.041910644,0.038009664,0.034649303,3.35E-02,0.032312495,0.032312623,0.032315888,0.032334808,0.032381982,0.032451963,0.032521178,0.032559455,0.032539673,0.032442028,0.032254546,0.031971887,0.031593691,0.03112299,0.030564913,0.029925709,0.029212054,0.028430603,0.02758772
0.92,0.079696674,0.078412546,0.077118102,0.075806822,0.074469583,0.073093526,0.071660377,0.070143903,0.068506146,0.066692047,0.064622896,0.062192273,0.059277911,0.055798276,0.051822875,0.047617457,0.043485315,0.039642046,0.036357144,3.54E-02,0.034369652,0.034369717,0.034371719,0.034384625,0.034418567,0.034469096,0.034515108,0.034528446,0.034483198,0.034360285,0.034148291,0.033842392,0.033442672,0.032952495,0.032377172,0.031722985,0.030996532,0.03020431,0.02935248
0.94,0.081359533,0.080079859,0.078788816,0.077479564,0.076142572,0.074764472,0.073326338,0.071801137,0.070149953,0.068316719,0.066222056,0.06376033,0.060813851,0.057311856,0.053336922,0.04915743,0.045068486,0.041282294,0.038071025,3.70E-02,0.036026663,0.036026698,0.036027971,0.036037126,0.0360627,0.036101684,0.036136049,0.036140368,0.036090254,0.035966961,0.035758563,0.035459286,0.035068156,0.034587585,0.034022138,0.033377581,0.032660192,0.031876305,0.031032019
0.96,0.083027817,0.08175224,0.080464197,0.079156528,0.077819301,0.076438638,0.074994984,0.073460524,0.071795433,0.06994272,0.067822491,0.065330146,0.06235287,0.05883062,0.054858149,0.050705478,0.046659704,0.042929923,0.039790447,3.88E-02,0.037809572,0.03780959,0.037810392,0.037816758,0.037835306,0.037863141,0.037883807,0.037873595,0.037809404,0.037673349,0.037454057,0.037146074,0.036748541,0.036263799,0.035696206,0.035051233,0.03433483,0.033553008,0.032711576
0.98,0.084701206,0.083429365,0.082143923,0.080837398,0.079499459,0.078115732,0.076666042,0.075121822,0.073442383,0.071569895,0.069424098,0.066901674,0.063894938,0.060354468,0.056386307,0.052261238,0.048258553,0.044584489,0.041515026,4.06E-02,0.03974503,0.039745039,0.039745526,0.039749772,0.039762562,0.03978087,0.039789608,0.039766649,0.039689979,0.039542219,0.039312111,0.038994134,0.038587319,0.038093925,0.037518271,0.03686582,0.036142531,0.03535442,0.034507298
1,0.086379394,0.085110929,0.083827688,0.082521874,0.08118276,0.079795483,0.078339263,0.076784812,0.075090621,0.073198107,0.071026794,0.068474876,0.065440027,0.061883304,0.057921161,0.053824371,0.049864648,0.046245586,0.043244403,4.23E-02,0.041333523,0.041333527,0.041333836,0.04133678,0.041345957,0.041358517,0.041360927,0.041332911,0.041253825,0.041106944,0.040881036,0.040570174,0.040172746,0.039690299,0.039126478,0.038486183,0.037774934,0.03699844,0.036162306
1.02,0.088062089,0.08679664,0.085515206,0.084209677,0.082868935,0.081477638,0.08001442,0.078449294,0.076739985,0.074827239,0.072630511,0.070049726,0.066988119,0.063417034,0.059462489,0.055394563,0.051477635,0.047912843,0.044978221,4.41E-02,0.04332135,0.043321352,0.043321537,0.043323423,0.04332916,0.043335071,0.043327763,0.043287557,0.04319445,0.043032318,0.042790508,0.042463658,0.042050677,0.041553536,0.040976186,0.040323701,0.039601668,0.038815771,0.037971539
1.04,0.089749015,0.088486221,0.087206206,0.085900543,0.084557734,0.083161966,0.081691303,0.08011509,0.078390332,0.07645719,0.074235193,0.071626207,0.068539195,0.064955568,0.061010079,0.056971518,0.053097183,0.049585914,0.046716207,4.59E-02,0.045040956,0.045040957,0.04504107,0.045042301,0.04504595,0.045048228,0.045036668,0.044992869,0.044897818,0.044735831,0.044496202,0.044173184,0.043765163,0.043273591,0.042701979,0.042055083,0.04133828,0.040557144,0.03971716
1.06,0.091439906,0.090179413,0.088900432,0.087594228,0.086248926,0.084848252,0.083369722,0.081782039,0.080041537,0.078087874,0.075840796,0.073204308,0.07009324,0.066498816,0.062563729,0.05855496,0.054722984,0.051264485,0.048458074,4.76E-02,0.046810189,0.046810189,0.046810257,0.046811024,0.046812999,0.046811907,0.046795493,0.046745981,0.046645031,0.046477517,0.046233134,0.045906398,0.045495819,0.045002855,0.044430936,0.043784667,0.043069251,0.042290078,0.041452464
1.08,0.093134513,0.091875968,0.090597643,0.0892905,0.087942294,0.086536302,0.085049504,0.083449995,0.081693487,0.079719219,0.077447288,0.074784025,0.071650241,0.068046693,0.064123246,0.060144629,0.056354751,0.052948261,0.05020357,4.95E-02,0.048733182,0.048733183,0.048733222,0.048733661,0.048734374,0.04873061,0.048710143,0.048655536,0.048548804,0.048375063,0.048124152,0.047790674,0.047373227,0.046873362,0.046294612,0.045641689,0.044919885,0.044134665,0.043291393
1.1,0.094832596,0.093575653,0.092297616,0.090989147,0.089637638,0.088225932,0.086730491,0.08511883,0.083346086,0.081351163,0.079054644,0.076365359,0.073210187,0.069599113,0.065688447,0.061740281,0.057992217,0.054636971,0.051952484,5.12E-02,0.050376088,0.050376088,0.050376111,0.05037636,0.050376379,0.050371391,0.050349712,0.050294737,0.050189201,0.050018616,0.049772862,0.04944631,0.049037153,0.048546483,0.047977384,0.047334182,0.04662187,0.045845696,0.045010887
1.12,0.096533931,0.095278248,0.094000137,0.092689967,0.091334775,0.089916977,0.08841254,0.086788426,0.084999248,0.082983656,0.080662847,0.077948313,0.074773064,0.071155993,0.067259156,0.063341685,0.05963513,0.056330365,0.053704589,5.30E-02,0.052315498,0.052315498,0.05231551,0.052315607,0.052314928,0.052308206,0.052283445,0.052223934,0.052112451,0.051934665,0.051680715,0.051345305,0.050926991,0.050427203,0.04984931,0.049197844,0.048477926,0.047694866,0.046853899
1.14,0.098238302,0.096983544,0.095705009,0.094392775,0.093033531,0.091609285,0.090095522,0.088458681,0.0866529,0.084616656,0.082271886,0.079532895,0.076338863,0.07271725,0.068835206,0.064948624,0.061283253,0.058028207,0.055459706,5.48E-02,0.054073287,0.054073287,0.054073294,0.054073313,0.054072344,0.054065148,0.054040065,0.05398086,0.053870676,0.053695309,0.053444799,0.05311359,0.052699913,0.052204885,0.051631614,0.050984445,0.050268387,0.049488697,0.048650602
1.16,0.099945509,0.098691346,0.097412044,0.096097395,0.09473375,0.093302715,0.091779317,0.090129502,0.088306979,0.086250131,0.083881757,0.081119115,0.07790757,0.074282803,0.070416434,0.066560891,0.062936366,0.059730279,0.057217658,5.65E-02,0.055840507,0.055840507,0.05584051,0.055840472,0.055839248,0.055831493,0.055805611,0.055745563,0.055634705,0.055459011,0.055208631,0.054878071,0.054465569,0.053972206,0.053401018,0.052756257,0.052042827,0.051265886,0.05043057
1.18,0.101655357,0.100401471,0.099121069,0.097803667,0.096435285,0.094997142,0.093463822,0.091800808,0.089961429,0.087884054,0.085492461,0.082706984,0.079479173,0.075852573,0.072002686,0.068178292,0.06459426,0.061436379,0.058978272,5.84E-02,0.057747857,0.057747857,0.057747858,0.057747786,0.057746404,0.057738275,0.057711765,0.05765081,0.057538711,0.057361355,0.057108819,0.056775569,0.056359865,0.055862855,0.055287676,0.054638697,0.053920939,0.053139658,0.052300076
1.2,0.103367668,0.102113744,0.100831921,0.09951144,0.098138001,0.096692447,0.095148939,0.093472526,0.091616206,0.089518407,0.087104,0.084296514,0.081053659,0.07742648,0.073593814,0.06980064,0.066256738,0.063146315,0.060741413,6.01E-02,0.059432105,0.059432105,0.059432105,0.059432023,0.059430655,0.059422782,0.059397204,0.059338325,0.059229773,0.059057536,0.058811574,0.058486081,0.058078956,0.057590972,0.057024921,0.056384881,0.055675655,0.054902348,0.054070091
1.22,0.105082269,0.103828004,0.102544447,0.101220576,0.099841775,0.098388525,0.096834584,0.095144594,0.093271268,0.091153174,0.088716382,0.085887719,0.082631013,0.079004446,0.075189675,0.071427762,0.067923616,0.064859911,0.062506931,6.19E-02,0.061337542,0.061337542,0.061337541,0.061337443,0.06133599,0.061327882,0.06130182,0.061242081,0.061132156,0.060957928,0.060709325,0.060380596,0.059969767,0.05947777,0.058907561,0.058263362,0.057550085,0.056772916,0.055937029
1.24,0.106798999,0.105544096,0.104258506,0.102930944,0.101546492,0.100085279,0.098520678,0.096816955,0.094926585,0.092788348,0.090329617,0.087480612,0.084211222,0.080586395,0.07679013,0.073059488,0.069594719,0.066577,0.064274699,6.37E-02,0.063119006,0.063119006,0.063119005,0.063118912,0.063117534,0.063109807,0.063084789,0.063027068,0.062920263,0.062750179,0.062506513,0.062183204,0.061777954,0.061291415,0.060726324,0.060086758,0.059377548,0.058603849,0.057770847
1.26,0.108517707,0.107261879,0.105973964,0.104642425,0.103252047,0.101782621,0.100207153,0.098489562,0.09658213,0.094423922,0.091943717,0.089075207,0.085794267,0.082172251,0.07839505,0.074695662,0.071269881,0.068297425,0.066044602,6.55E-02,0.064889387,0.064889387,0.064889386,0.064889291,0.064887946,0.064880423,0.06485602,0.064799537,0.0646947,0.064527306,0.064286961,0.063967469,0.063566388,0.063084227,0.062523588,0.061888435,0.0611835,0.060413861,0.059584648
1.28,0.110238247,0.108981217,0.107690699,0.106354909,0.104958345,0.103480472,0.101893947,0.100162371,0.098237881,0.096059897,0.093558697,0.090671517,0.087380132,0.083761938,0.080004306,0.07633613,0.072948947,0.070021041,0.067816521,6.73E-02,0.066781571,0.066781571,0.06678157,0.066781478,0.066780167,0.066772818,0.066748864,0.066693159,0.066589349,0.066423044,0.066183638,0.065864751,0.065463824,0.064981313,0.064419835,0.0637834,0.063076815,0.062305238,0.061473876
1.3,0.111960486,0.110701984,0.109408594,0.108068292,0.106665296,0.105178759,0.103581006,0.101835348,0.099893822,0.097696274,0.095174572,0.092269554,0.088968799,0.085355383,0.081617775,0.077980749,0.074631768,0.071747708,0.069590358,6.90E-02,0.068497134,0.068497134,0.068497133,0.068497051,0.068495856,0.06848904,0.068466526,0.068413624,0.06831423,0.068153952,0.067921971,0.067611568,0.067219792,0.066746719,0.066194627,0.065567259,0.064869223,0.064105547,0.063281361
1.32,0.113684297,0.112424063,0.111127544,0.10978248,0.108372821,0.106877417,0.10526828,0.10350846,0.101549939,0.099333057,0.096791358,0.093869331,0.090560247,0.086952512,0.083235341,0.079629382,0.076318204,0.073477298,0.071366013,7.09E-02,0.070378542,0.070378542,0.070378541,0.070378458,0.070377276,0.070370558,0.070348335,0.070295977,0.07019733,0.070037877,0.069806649,0.069496806,0.069105328,0.068632269,0.068079923,0.067452067,0.066753351,0.065988842,0.065163705
1.34,0.115409559,0.114147343,0.112847449,0.111497387,0.110080846,0.108576386,0.106955727,0.105181683,0.103206225,0.100970255,0.098409071,0.095470858,0.092154456,0.088553255,0.084856889,0.081281897,0.078008122,0.075209687,0.073143394,7.27E-02,0.072174826,0.072174826,0.072174825,0.07217475,0.072173667,0.072167403,0.072146397,0.072096379,0.072001352,0.071846715,0.071621238,0.071317737,0.070932831,0.070466257,0.069920061,0.06929785,0.068604168,0.067844036,0.067022616
1.36,0.117136161,0.115871721,0.114568215,0.11321293,0.111789302,0.110275614,0.108643308,0.106854993,0.104862673,0.102607876,0.100027731,0.097074147,0.093751404,0.09015754,0.08648231,0.082938168,0.079701396,0.07694476,0.07492242,7.44E-02,0.073950418,0.073950418,0.073950417,0.073950346,0.073949321,0.073943364,0.073923249,0.073875036,0.073782909,0.073632271,0.073411746,0.073113923,0.072735166,0.072274969,0.071735165,0.071119182,0.070431431,0.069676836,0.068860496
1.38,0.118863997,0.117597102,0.116289758,0.114929037,0.113498129,0.111975053,0.11033099,0.108528372,0.10651928,0.104245931,0.101647355,0.098679206,0.095351069,0.091765298,0.088111498,0.084598077,0.081397906,0.078682409,0.076703007,7.63E-02,0.075829177,0.075829177,0.075829176,0.075829108,0.075828123,0.075822374,0.075802856,0.07575582,0.0756655,0.075517187,0.075299302,0.075004193,0.074628013,0.074170095,0.073632173,0.073017631,0.072330874,0.071576847,0.070760689
1.4,0.120592969,0.119323395,0.118011998,0.116645639,0.115207271,0.113674659,0.112018745,0.110201807,0.108176047,0.105884432,0.10326796,0.100286044,0.096953426,0.09337646,0.089744351,0.086261509,0.083097538,0.08042253,0.078485082,7.80E-02,0.07756849,0.07756849,0.07756849,0.07756843,0.07756754,0.077562254,0.077544046,0.07749966,0.077413637,0.077271315,0.077060926,0.076774478,0.076407719,0.075959581,0.07543144,0.074826389,0.074148616,0.073402919,0.072594349
1.42,0.122322983,0.121050517,0.119734862,0.118362673,0.116916677,0.115374396,0.113706547,0.111875285,0.109832975,0.107523393,0.104889565,0.101894668,0.098558452,0.094990959,0.091380772,0.087928353,0.084800183,0.082165025,0.080268577,7.99E-02,0.079432761,0.079432761,0.07943276,0.0794327,0.079431824,0.079426652,0.079408845,0.079365345,0.079280799,0.079140519,0.078932614,0.078648923,0.078285023,0.077839701,0.077314224,0.076711609,0.076035999,0.075292168,0.074485156
1.44,0.124053953,0.12277839,0.12145828,0.120080081,0.1186263,0.117074227,0.115394374,0.113548798,0.111490068,0.109162827,0.106512187,0.103505084,0.10016612,0.09660873,0.093020665,0.089598506,0.086505738,0.083909802,0.082053421,8.16E-02,0.08123835,0.08123835,0.081238349,0.081238295,0.081237488,0.081232663,0.081215857,0.081174413,0.081093224,0.080957624,0.080755535,0.080478485,0.080121697,0.079683615,0.079165218,0.078569305,0.077899865,0.077161582,0.076359455
1.46,0.125785798,0.124506941,0.12318219,0.121797812,0.120336099,0.118774124,0.117082208,0.11522234,0.113147332,0.11080275,0.108135844,0.105117297,0.101776405,0.098229706,0.094663939,0.091271867,0.088214104,0.085656774,0.083839556,8.34E-02,0.083019684,0.083019684,0.083019684,0.083019632,0.083018869,0.083014293,0.082998276,0.082958545,0.082880279,0.082748905,0.082552257,0.082281644,0.081932003,0.081501482,0.080990784,0.08040247,0.079740346,0.079008956,0.078213205
1.48,0.127518441,0.126236102,0.124906533,0.123515815,0.122046036,0.120474059,0.118770033,0.116895905,0.114804772,0.112443177,0.109760551,0.106731311,0.10338928,0.099853825,0.096310505,0.09294834,0.089925188,0.087405856,0.085626921,8.53E-02,0.084887054,0.084887054,0.084887053,0.084887002,0.084886262,0.084881828,0.084866289,0.084827627,0.084751193,0.084622437,0.084429081,0.084162232,0.083816596,0.083390106,0.082883286,0.082298565,0.081639664,0.080911077,0.080117693
1.5,0.129251811,0.12796581,0.126631257,0.125234048,0.123756077,0.122174009,0.120457837,0.118569493,0.116462399,0.114084123,0.111386327,0.108347128,0.105004717,0.101481024,0.097960278,0.094627832,0.091638899,0.089156971,0.087415461,8.70E-02,0.086644431,0.086644431,0.08664443,0.086644385,0.086643711,0.086639618,0.086625102,0.086588627,0.08651591,0.086392546,0.086206159,0.08594759,0.085611177,0.085194461,0.084697596,0.084122699,0.08347324,0.082753536,0.081968352
1.52,0.130985842,0.129696008,0.12835631,0.12695247,0.125466191,0.123873952,0.122145609,0.120243103,0.11812022,0.115725606,0.113013186,0.109964751,0.106622689,0.103111242,0.099613176,0.096310254,0.093355152,0.090910043,0.089205126,8.89E-02,0.088496385,0.088496385,0.088496384,0.088496338,0.088495669,0.088491653,0.088477465,0.088441816,0.088370639,0.088249625,0.088066368,0.087811576,0.087479407,0.087067202,0.086574934,0.086004561,0.085359431,0.084643769,0.083862279
1.54,0.132720471,0.131426641,0.130081648,0.128671044,0.12717635,0.125573871,0.12383334,0.121916736,0.119778246,0.117367641,0.114641143,0.111584178,0.108243168,0.104744418,0.10126912,0.097995523,0.095073866,0.092665,0.090995862,9.07E-02,0.0903078,0.0903078,0.0903078,0.090307757,0.090307133,0.090303353,0.090289898,0.090255862,0.090187485,0.090070586,0.089892695,0.089644301,0.089319258,0.088914584,0.088429945,0.087867048,0.087229041,0.086520008,0.085744566
1.56,0.13445564,0.133157659,0.131807228,0.130389737,0.12888653,0.12727375,0.125521024,0.123590394,0.121436488,0.119010245,0.116270213,0.113205411,0.109866124,0.106380494,0.102928031,0.099683556,0.096794961,0.094421775,0.092787627,9.24E-02,0.092094683,0.092094683,0.092094683,0.092094642,0.092094047,0.092090448,0.092077604,0.092044985,0.091979169,0.091866164,0.091693505,0.091451534,0.091133856,0.090737192,0.090260911,0.089706448,0.089076722,0.088375636,0.087607673
1.58,0.136191296,0.134889014,0.133533012,0.132108517,0.130596709,0.128973575,0.127208657,0.125264083,0.123094958,0.120653434,0.11790041,0.114828448,0.111491528,0.108019413,0.104589836,0.101374276,0.098518363,0.096180303,0.094580374,9.43E-02,0.093952607,0.093952607,0.093952607,0.093952566,0.093951982,0.093948468,0.093935953,0.093904163,0.093839913,0.093729344,0.093559992,0.093322084,0.093009034,0.092617348,0.092146186,0.091596796,0.09097195,0.09027544,0.089511674
1.6,0.137927387,0.136620665,0.135258963,0.133827357,0.132306866,0.130673335,0.128896234,0.126937805,0.124753667,0.122297225,0.119531746,0.116453285,0.113119352,0.109661117,0.106254463,0.103067606,0.100244001,0.097940521,0.096374061,9.60E-02,0.095723771,0.095723771,0.09572377,0.095723734,0.095723195,0.095719922,0.095708164,0.095678071,0.09561684,0.095510835,0.095347605,0.095117212,0.094812785,0.094430482,0.093969114,0.093429609,0.092814467,0.09212727,0.091372269
1.62,0.139663867,0.13835257,0.13698505,0.135546233,0.134016985,0.13237302,0.130583754,0.128611568,0.126412628,0.123941632,0.121164233,0.11807992,0.114749566,0.111305551,0.107921843,0.104763474,0.101971805,0.099702372,0.09816865,9.79E-02,0.097566812,0.097566812,0.097566811,0.097566774,0.097566237,0.097563009,0.097551486,0.097522056,0.097462174,0.097358388,0.097198314,0.09697196,0.096672316,0.09629535,0.095839665,0.095305992,0.094696657,0.094015096,0.093265447
1.64,0.141400692,0.140084693,0.138711242,0.13726512,0.135727049,0.134072622,0.132271217,0.130285379,0.128071855,0.125586673,0.122797884,0.119708348,0.11638214,0.112952663,0.109591908,0.106461811,0.10370171,0.101465799,0.099964102,9.97E-02,0.099381838,0.099381838,0.099381837,0.099381803,0.099381295,0.099378225,0.099367219,0.099338992,0.099281316,0.099180945,0.099025537,0.098804992,0.098512082,0.098142502,0.097694571,0.097168755,0.096567155,0.095893028,0.095150381
1.66,0.143137821,0.141816999,0.140437512,0.138983999,0.137437046,0.135772135,0.133958623,0.131959243,0.12973136,0.127232362,0.124432707,0.121338563,0.118017044,0.114602397,0.111264592,0.10816255,0.105433653,0.103230748,0.101760381,1.01E-01,0.101173757,0.101173757,0.101173756,0.101173723,0.101173236,0.101170296,0.101159745,0.101132627,0.101077053,0.100980024,0.100829292,0.100614701,0.100328842,0.099967161,0.099527696,0.099010635,0.098417829,0.097752324,0.097017958
1.68,0.144875216,0.143549458,0.142163834,0.140702852,0.139146964,0.137471554,0.135645974,0.133633171,0.131391157,0.128878715,0.126068714,0.122970561,0.119654248,0.116254704,0.112939834,0.109865625,0.107167572,0.104997167,0.103557455,1.03E-01,0.10302395,0.10302395,0.10302395,0.103023916,0.103023434,0.103020543,0.103010211,0.102983697,0.102929364,0.102834412,0.102686684,0.102476,0.102194838,0.101838465,0.101404717,0.100893583,0.100306732,0.099647054,0.098918267
1.7,0.146612842,0.145282039,0.143890186,0.142421661,0.140856793,0.139170875,0.137333272,0.13530717,0.133051258,0.130525746,0.127705913,0.124604334,0.121293723,0.117909533,0.114617573,0.111570976,0.108903411,0.106765008,0.105355288,1.05E-01,0.104805672,0.104805672,0.104805672,0.104805641,0.104805192,0.104802473,0.104792694,0.104767464,0.104715504,0.104624274,0.104481721,0.104277604,0.104004209,0.103656532,0.103232103,0.10273061,0.102153447,0.101503278,0.100783634
1.72,0.148350666,0.147014716,0.145616548,0.144140413,0.142566523,0.140870095,0.139020522,0.136981249,0.134711678,0.13217347,0.129344313,0.126239874,0.122935438,0.119566833,0.116297748,0.113278541,0.110641112,0.108534224,0.107153852,1.07E-01,0.106642225,0.106642225,0.106642225,0.106642193,0.106641744,0.106639055,0.10662944,0.106604715,0.106553857,0.106464549,0.106324879,0.106124631,0.105856016,0.105513885,0.105095578,0.104600579,0.104030087,0.103386586,0.10267346
1.74,0.150088658,0.148747465,0.147342899,0.145859092,0.144276147,0.142569213,0.140707726,0.138655417,0.13637243,0.133821901,0.130983921,0.127877174,0.124579364,0.121226557,0.117980304,0.114988264,0.112380622,0.110304769,0.108953117,1.09E-01,0.108459445,0.108459445,0.108459445,0.108459415,0.108458986,0.108456405,0.108447155,0.108423312,0.108374146,0.108287578,0.108151816,0.107956633,0.107694115,0.107358912,0.106948124,0.10646099,0.105898479,0.105262876,0.104557402
1.76,0.15182679,0.150480263,0.149069223,0.147577689,0.14598566,0.144268228,0.14239489,0.140329686,0.138033527,0.135471052,0.132624743,0.129516224,0.126225472,0.122888657,0.119665184,0.116700087,0.11412189,0.1120766,0.110753055,1.11E-01,0.110255776,0.110255776,0.110255776,0.110255747,0.110255334,0.110252849,0.110243939,0.110220949,0.110173457,0.110089651,0.109957891,0.109767975,0.109511892,0.109184107,0.108781483,0.108303004,0.10774939,0.107122706,0.106425982
1.78,0.153565035,0.152213088,0.150795504,0.149296193,0.147695055,0.145967139,0.144082018,0.142004064,0.139694984,0.137120936,0.134266787,0.131157015,0.12787373,0.124553089,0.121352336,0.118413958,0.115864866,0.113849677,0.11255364,1.12E-01,0.112099693,0.112099693,0.112099692,0.112099664,0.112099253,0.112096799,0.112088035,0.11206548,0.112018944,0.111936831,0.111807655,0.111621268,0.111369617,0.11104705,0.110650264,0.110178056,0.10963096,0.109010863,0.108320646
1.8,0.15530337,0.153945922,0.152521729,0.151014594,0.14940433,0.147665949,0.145769118,0.143678562,0.141356812,0.138771567,0.135910056,0.132799538,0.129524111,0.126219805,0.123041707,0.120129825,0.117609502,0.115623958,0.114354845,1.14E-01,0.113889529,0.113889529,0.113889529,0.113889502,0.113889116,0.113886788,0.113878433,0.113856846,0.113812147,0.11373301,0.113608103,0.113427302,0.113182455,0.112867719,0.11247955,0.11201648,0.111478789,0.110868134,0.110187196
1.82,0.157041772,0.155678747,0.154247884,0.152732885,0.15111348,0.149364658,0.147456195,0.145353191,0.143019026,0.140422955,0.137554556,0.134443781,0.131176584,0.127888763,0.124733247,0.121847638,0.119355752,0.117399407,0.116156647,1.16E-01,0.115721333,0.115721333,0.115721333,0.115721306,0.115720921,0.115718614,0.11571038,0.115689177,0.115645355,0.115567817,0.115445411,0.1152681,0.115027725,0.114718353,0.11433629,0.113879887,0.113349231,0.11274579,0.11207208
1.84,0.15878022,0.157411547,0.155973958,0.154451058,0.152822504,0.15106327,0.149143255,0.14702796,0.144681637,0.142075114,0.139200291,0.136089734,0.132831121,0.129559919,0.126426906,0.123567347,0.121103572,0.119175986,0.117959023,1.18E-01,0.117539841,0.117539841,0.117539841,0.117539816,0.117539445,0.117537216,0.117529243,0.117508691,0.117466156,0.117390782,0.117271576,0.117098564,0.116863545,0.116560459,0.116185432,0.115736607,0.115213857,0.114618452,0.11395273
1.86,0.160518696,0.159144307,0.157699941,0.156169109,0.1545314,0.152761785,0.150830306,0.148702882,0.14634466,0.143728053,0.140847263,0.137737385,0.134487692,0.131233231,0.128122639,0.125288907,0.122852919,0.120953661,0.119761951,1.20E-01,0.119339954,0.119339954,0.119339954,0.11933993,0.119339571,0.119337416,0.119329704,0.11930981,0.119268597,0.11919546,0.119079595,0.118911108,0.118681775,0.11838542,0.11801799,0.117577414,0.11706334,0.11647682,0.115819997
1.88,0.162257182,0.160877015,0.159425823,0.157887031,0.156240167,0.154460209,0.152517356,0.150377966,0.148008106,0.145381783,0.142495477,0.139386722,0.13614627,0.132908659,0.129820398,0.127012272,0.124603751,0.122732398,0.121565409,1.21E-01,0.1211788,0.1211788,0.1211788,0.121178775,0.121178419,0.121176285,0.121168677,0.121149103,0.121108622,0.121036842,0.120923138,0.120757722,0.12053239,0.120240914,0.119879122,0.119444788,0.118937389,0.118357801,0.117708005
1.9,0.163995661,0.162609657,0.161151596,0.159604821,0.157948804,0.156158545,0.154204411,0.152053223,0.149671989,0.147036316,0.144144932,0.141037734,0.137806825,0.134586161,0.13152014,0.128737398,0.12635603,0.124512164,0.123369377,1.23E-01,0.122974892,0.122974892,0.122974892,0.122974869,0.122974532,0.122972494,0.122965194,0.122946356,0.122907297,0.122837876,0.122727644,0.122566896,0.122347405,0.122062829,0.121708822,0.121282946,0.120784453,0.120214006,0.119573386
1.92,0.165734118,0.164342224,0.162877254,0.161322476,0.159657314,0.157856796,0.15589148,0.153728665,0.151336319,0.148691659,0.145795632,0.142690408,0.13946933,0.1362657,0.13322182,0.130464243,0.128109716,0.126292929,0.125173837,1.25E-01,0.124803206,0.124803206,0.124803205,0.124803182,0.124802846,0.124800827,0.124793622,0.124775084,0.124736723,0.124668611,0.124560492,0.124402788,0.124187316,0.123907701,0.123559496,0.12314012,0.122648653,0.122085579,0.121452508
1.94,0.167472541,0.166074704,0.16460279,0.163039992,0.161365695,0.159554968,0.15757857,0.155404302,0.153001108,0.150347823,0.147447576,0.14434473,0.141133757,0.137947237,0.134925397,0.132192766,0.129864773,0.128074661,0.126978769,1.27E-01,0.126622425,0.126622425,0.126622425,0.126622403,0.126622078,0.126620117,0.126613108,0.126595057,0.126557683,0.126491271,0.126385745,0.126231631,0.126020768,0.125746722,0.125404927,0.124992641,0.124508761,0.123953589,0.123328558
1.96,0.169210916,0.16780709,0.166328199,0.164757368,0.163073951,0.161253065,0.15926569,0.157080144,0.154666369,0.152004816,0.149100766,0.146000689,0.142800078,0.139630734,0.136630831,0.133922928,0.131621165,0.129857333,0.128784156,1.29E-01,0.128425733,0.128425733,0.128425732,0.128425711,0.128425397,0.128423496,0.128416692,0.128399157,0.128362828,0.12829822,0.128195446,0.128045151,0.127839205,0.127571121,0.127236215,0.126831578,0.126355918,0.12580934,0.125193089
1.98,0.170949232,0.169539372,0.168053475,0.166474602,0.164782081,0.162951093,0.160952848,0.158756203,0.156332113,0.153662646,0.150755201,0.147658269,0.144468266,0.141316155,0.138338081,0.13565469,0.133378858,0.131640915,0.130589982,1.30E-01,0.130260495,0.130260495,0.130260494,0.130260473,0.130260161,0.130258277,0.130251553,0.130234264,0.130198506,0.130134984,0.130033994,0.129886315,0.129683887,0.129420218,0.129090559,0.128691886,0.128222764,0.127683139,0.127074098
2,0.172687479,0.171271544,0.169778615,0.168191694,0.16649009,0.164649057,0.162640052,0.160432489,0.15799835,0.15532132,0.15241088,0.149317459,0.146138295,0.143003464,0.140047109,0.137388014,0.135137817,0.133425383,0.132396229,1.32E-01,0.132061424,0.132061424,0.132061424,0.132061404,0.132061106,0.132059298,0.132052813,0.132036094,0.132001445,0.131939792,0.131841611,0.131697794,0.131500312,0.131242627,0.130919876,0.13052888,0.130068021,0.129537055,0.128936885
