Vl (V),Grad_-19_I,Grad_-18_I,Grad_-17_I,Grad_-16_I,Grad_-15_I,Grad_-14_I,Grad_-13_I,Grad_-12_I,Grad_-11_I,Grad_-10_I,Grad_-9_I,Grad_-8_I,Grad_-7_I,Grad_-6_I,Grad_-5_I,Grad_-4_I,Grad_-3_I,Grad_-2_I,Grad_-1_I,Grad_0_I,Grad_0_I,Grad_1_I,Grad_2_I,Grad_3_I,Grad_4_I,Grad_5_I,Grad_6_I,Grad_7_I,Grad_8_I,Grad_9_I,Grad_10_I,Grad_11_I,Grad_12_I,Grad_13_I,Grad_14_I,Grad_15_I,Grad_16_I,Grad_17_I,Grad_18_I,Grad_19_I
0.0,0.015690415750086686,0.01438223420399268,0.01309825796287225,0.011841198869778446,0.010614007497212953,0.00941987966183014,0.0082622631240155,0.007144872229183322,0.0060717303528572495,0.005047285991094903,0.004076701581430036,0.003166516420550658,0.0023260574814174886,0.0015701664219023885,0.0009236031759072933,0.00042505699366638934,0.00011920042690818816,9.796974835563425e-06,7.55936213453043e-09,-2.9516331776329344e-109,-2.9516331776329344e-109,-1.7729448391000467e-08,-2.146583025714557e-05,-0.0002714735523273216,-0.0010849432292814858,-0.0027284174204048866,-0.005327958355688172,-0.008874930526982275,-0.013284271704111839,-0.018444038330487397,-0.02424240812239869,-0.03057899770378848,-0.03736804078817936,-0.04453797605595928,-0.0520297224982054,-0.05979466906185262,-0.06779279382267506,-0.0759910489301393,-0.08436202871856964,-0.09288289313139002
0.02,0.01716001077631109,0.015828250420460085,0.014514662623700412,0.013221053448081766,0.011949368441146524,0.010701708864732441,0.00948036545225473,0.008287889719118879,0.007127241922293451,0.006002090129207004,0.004917397929060648,0.0038805423603802992,0.0029033452292037513,0.002005481667598284,0.0012192943486377655,0.0005936027099644426,0.00018622540167921364,1.980567513783391e-05,2.824862594503042e-08,1.3482684398662381e-101,1.3482684398662381e-101,-8.435130279985833e-09,-1.5199430997908984e-05,-0.00021479817625918662,-0.0008868127886331655,-0.0022700311432019716,-0.004512165267958997,-0.007647428154932389,-0.011627551350004171,-0.01636464750164897,-0.021760315784709907,-0.027720523089949836,-0.034161622892930586,-0.04101181836096152,-0.04821057904194522,-0.0557072940423583,-0.0634597633251163,-0.07143278288269532,-0.07959691380151553,-0.08792745037422603
0.04,0.018469228051766623,0.01711269642051045,0.015769365867095285,0.014440402362395308,0.013127067356078381,0.01183075097303107,0.010553036282733474,0.009295820927780836,0.008061542554294046,0.006853588544929659,0.005677025411375597,0.004539863340256595,0.0034551631108056674,0.002444315923139603,0.0015415119325887885,0.0007980017157604355,0.00027994284720710556,3.7262122494038536e-05,9.565268555716845e-08,5.183305054411796e-94,5.183305054411796e-94,-2.5033380972753787e-09,-1.0057158988089304e-05,-0.00016776863905014263,-0.0007285105316503985,-0.0019020367009804555,-0.003839778269271701,-0.006607365392497729,-0.010190339098437253,-0.014525955689761078,-0.0195315122173596,-0.02512157141653616,-0.031216445792261974,-0.03774549688140131,-0.04464776163141668,-0.051871356172642706,-0.05937241584606031,-0.06711394036265762,-0.07506470802494099,-0.08319832039649575
0.06,0.01966893527149336,0.018288553882504097,0.016917442191048036,0.015556340427622092,0.01420607224949233,0.0128675926105603,0.01154207308393462,0.010231050888033773,0.008936684766722325,0.007662187305931367,0.006412542654513742,0.005195672702104741,0.0040242792311549775,0.0029186485865050184,0.0019107284595431553,0.001049630930761053,0.00040682274132574595,6.393484279350445e-05,2.1132659952110814e-07,5.9333321695625786e-89,5.9333321695625786e-89,-5.376265217173421e-10,-6.0152970877074436e-06,-0.0001275675195379496,-0.0005971257948366105,-0.0016011896405013087,-0.0032823983374319727,-0.0057255921113413275,-0.008945180976027225,-0.012903243074902506,-0.017534262893922327,-0.02276326331766737,-0.02851619852172985,-0.034724939518373174,-0.041329117802452874,-0.04827633539460129,-0.055521614782515216,-0.06302655671800128,-0.07075844088772316,-0.07868937813840635
0.08,0.020799577663016072,0.019397593843562707,0.018001874826813057,0.01661288775410687,0.01523118204506295,0.013857443638131631,0.012492585430073894,0.011137895516288649,0.009795276619842598,0.00846762753424284,0.007159442832311908,0.005877744973416754,0.004633526464844636,0.003444014072937895,0.002336407754293772,0.0013545635676662214,0.0005711627807007605,0.00010094930292829845,3.764033855826976e-07,3.4949377466880896e-88,3.4949377466880896e-88,-1.0205703573067814e-10,-3.2117461351916745e-06,-9.332522226674322e-05,-0.00048470645213605673,-0.001349723040628749,-0.0028160104350086913,-0.004976050822926896,-0.00786666377166886,-0.011473067224239353,-0.01574758533413438,-0.020627120939450988,-0.026044742889020128,-0.031936100758685644,-0.038242430576394704,-0.04491159242902361,-0.051898073458994845,-0.059162501878415284,-0.06667097108939044,-0.07439432865436142
0.1,0.02189183387913128,0.02047114435832719,0.019054474922446683,0.017642113930546058,0.01623442724004856,0.014831908841916123,0.013435260634791698,0.012045516126581012,0.01066422967423189,0.009293762834499838,0.007937715107960928,0.006601575585779459,0.005293738938640985,0.0040272061425452674,0.002822782723046432,0.0017160002614646538,0.0007746584221909217,0.0001480794869776434,6.206381199552688e-07,2.0786988811571696e-87,2.0786988811571696e-87,-1.860988464933823e-11,-1.5529583282471977e-06,-6.516158628021752e-05,-0.00038704788074496704,-0.0011348204419127379,-0.0024208667231387466,-0.004335814190411856,-0.006931513321633574,-0.010213382452886544,-0.014151368896313776,-0.018695177873494447,-0.023786209496391642,-0.029365043187619278,-0.03537548653386408,-0.04176642512613274,-0.04849240158491106,-0.055513518619471805,-0.06279501807913106,-0.07030673318681117
0.12,0.022967935314455536,0.021531590131779733,0.020097602540876836,0.01866613098480436,0.017237396182027062,0.015811719853464856,0.014389582430182384,0.012971707517374016,0.011559183679051396,0.010153638332631276,0.008757486559459265,0.007374296779631349,0.0060093669753268466,0.004670751661358111,0.003371426258856409,0.0021349818021385108,0.001016808472030918,0.00020507260209477954,1.0100848698379262e-06,1.995205954245329e-82,1.995205954245329e-82,-3.3276691972675123e-12,-7.008781618032804e-07,-4.330288854975772e-05,-0.00030243366729379163,-0.0009479249793914613,-0.0020813152766122295,-0.003785106242341678,-0.00611867537436147,-0.009103639121943684,-0.0127264761456691,-0.016950074373012554,-0.021725082897975746,-0.026998011345868374,-0.03271613865327547,-0.038830121314189864,-0.04529514941541701,-0.05207125935379257,-0.05912319268785692,-0.06642003469512146
0.14,0.024043283208350207,0.02259417846467167,0.02114619192236227,0.019699371841176438,0.018253802526493685,0.01680962602646153,0.015367071849075056,0.013926496164521077,0.012488431375389726,0.011053645832566183,0.00962321218455309,0.00819858295548737,0.006781678639727133,0.005375028875240518,0.003982223374792229,0.002610705464095462,0.0012958114466158593,0.0002733870874799603,1.692929050696173e-06,3.3139592554847777e-74,3.3139592554847777e-74,-5.864246623263743e-13,-3.0361778194566206e-07,-2.7469700138867723e-05,-0.00023044356123258535,-0.0007838624773059027,-0.0017855143834199353,-0.003307290947941118,-0.005409383482269623,-0.008124869924364309,-0.011454830602631241,-0.01537514038274921,-0.01984627698307813,-0.02482149825282633,-0.030252363871118425,-0.036092007953832994,-0.04229684938071981,-0.04882732122022596,-0.055648026639675954,-0.0627275826664331
0.16,0.02512807124308565,0.02366879964569705,0.02220970532331644,0.020750731536032338,0.019291823320290915,0.01783293008640156,0.016374005746869435,0.014915002212089723,0.013455848112868336,0.0119963971219707,0.010536315519064875,0.009074847610154448,0.0076103279870289205,0.00613915765955074,0.004653777783214139,0.003140925402102101,0.0016096227457495483,0.0003560683235406077,2.9686427357805984e-06,-9.193621843276836e-68,-9.193621843276836e-68,-1.0205151021382211e-13,-1.285413048149261e-07,-1.675483872034584e-05,-0.00017096888867547362,-0.0006398525806745638,-0.0015249903116462487,-0.0028887965540104373,-0.004787208165753581,-0.0072597666856084675,-0.010319495070927007,-0.013954469175505756,-0.018135202067494683,-0.02282230523970838,-0.02797231554764614,-0.033541496556283225,-0.039488055046235974,-0.045773279304381714,-0.05236200077889758,-0.05922265706085138
0.18,0.026228725152331447,0.024761536713625645,0.02329379561423274,0.0218253409391998,0.02035597518688103,0.018885447741967962,0.0174134261690094,0.015939445745465665,0.014462819677525706,0.012982476665727114,0.011496659310341896,0.010002342475562502,0.008494055576332708,0.006961382772711081,0.005383684337026206,0.00372247773579458,0.001957069642506133,0.0004571739515794169,5.370878862981048e-06,-1.5300992844564065e-67,-1.5300992844564065e-67,-1.7563901543236918e-14,-5.3704439380083655e-08,-9.913920609608284e-06,-0.00012355897119285537,-0.000514538480358206,-0.0012940443991260834,-0.00251894291888402,-0.004238072175893147,-0.006492746196170457,-0.00930474313745833,-0.012672984183424829,-0.016577825378984876,-0.020987595990553207,-0.025864371228365438,-0.031168124971157694,-0.036859377365838566,-0.04290071788983507,-0.04925757189181744,-0.05589849127139229
0.2,0.027349070080567865,0.025875896315902973,0.024401595122921466,0.022925903336311178,0.021448482036564298,0.01996888177789466,0.01848648643093654,0.017000420349753423,0.0155093907021406,0.014011410591263339,0.012503292056370548,0.010979669005996485,0.009431002263623093,0.00783928563165506,0.006168791314037824,0.004351821796348739,0.00233839288879561,0.0005814041302498777,9.707406329927449e-06,3.7998529217896034e-63,3.7998529217896034e-63,-2.994226436253355e-15,-2.2251071802414618e-08,-5.738288915458264e-06,-8.716080978747747e-05,-0.00040716196567354423,-0.0010890666549765264,-0.0021896548482497266,-0.003750211948225922,-0.00580999824180487,-0.008396123947818922,-0.011516500874063555,-0.015160726579605358,-0.01930494584263701,-0.023917176261711314,-0.028961595786358464,-0.03440151828906114,-0.0402012597071375,-0.04632719804814982,-0.05274829400949434
0.22,0.028491211397540333,0.02701371684830893,0.025534642277852508,0.024053627093443244,0.022570196969281482,0.021083711767601536,0.01959328290774938,0.018097638551207662,0.016594896247746863,0.015082163972428238,0.01355480602162484,0.012005016002041362,0.01041887326195311,0.008769947594358765,0.007005464711640155,0.005025513921174675,0.002755195790379941,0.0007338771319403479,1.6953296473552748e-05,6.510113404899936e-62,6.510113404899936e-62,-5.064217401629786e-16,-9.165035828635128e-09,-3.2704764976958897e-06,-6.0201299405183516e-05,-0.0003169688649080661,-0.0009078412837964319,-0.0018950711562528493,-0.003314068129015053,-0.005199504971522681,-0.007580517409180855,-0.01047178427044204,-0.013871149632513222,-0.0177623874157318,-0.02211968394707112,-0.026911811698548598,-0.032105301875740164,-0.03766659321516397,-0.04356336243398751,-0.04976527005903664
0.24,0.029656160117727648,0.028175798032905444,0.02669350669233543,0.025208835424624116,0.023721183779878825,0.02222973269359779,0.020733335549950244,0.019230340374845972,0.017718288896841097,0.01619338506556886,0.014649508979905386,0.013076282912790869,0.01145504989323368,0.00975009872348601,0.007889836804862882,0.005740548691495589,0.003210090729085949,0.0009199996949289946,2.809413398177755e-05,2.1948561447995177e-54,2.1948561447995177e-54,-8.01232732767467e-17,-3.757786863532682e-09,-1.8440507424023842e-06,-4.08574295744038e-05,-0.00024287635949695805,-0.0007489265553722634,-0.0016310850080585911,-0.0029220983209785694,-0.004651019687701398,-0.006846174252709592,-0.009526601099130743,-0.012697051686793217,-0.016348453493895104,-0.02046119292478974,-0.025008908296771465,-0.029961703152350073,-0.03528849801339256,-0.0409585956951504,-0.046942639874996125
0.26,0.030844254092896397,0.029362314361966638,0.02787818812209207,0.026391343224137068,0.024901063481630493,0.023406363099165738,0.021905850774226777,0.020397506716190596,0.018878302701664518,0.01734352589103116,0.015785514332709055,0.014191158940201239,0.012536682733961815,0.010776255946629213,0.008818020473438399,0.006494541731114405,0.0037062502199212075,0.001145453325876591,4.4505023677208084e-05,7.6079466677321295e-47,7.6079466677321295e-47,1.1215304208914139e-11,-1.5037802162189325e-09,-1.031862151806346e-06,-2.734177214663079e-05,-0.0001833805249037748,-0.0006111669226722728,-0.0013948655350901624,-0.0025685194714954373,-0.004155995807876305,-0.006182733577903352,-0.008669763687968771,-0.011627148575930526,-0.015052217545925072,-0.018931382227671562,-0.02324328448833353,-0.027961874736787455,-0.033058868256634184,-0.03850549655749328,-0.0442736577268953
0.28,0.03205542869121309,0.030573073954487946,0.029088359079051072,0.027600678925210505,0.02610921119616594,0.024612813654627246,0.02310985992747872,0.021597968300997146,0.020073536333075445,0.01853090676104667,0.016960797599737794,0.015347184998412082,0.013660775265625211,0.011844846999028828,0.009786277771245168,0.007285771858569117,0.004246995479242682,0.001416265797355326,6.9311428946007e-05,9.160475417094085e-41,9.160475417094085e-41,1.2963667079500936e-09,5.519177887534279e-07,3.483794805413799e-07,-1.7080215761630485e-05,-0.00013553143756889652,-0.0004920757861561669,-0.0011828336237000917,-0.0022470408124516932,-0.003705053118997051,-0.005578313965049224,-0.007887768365078077,-0.01064707752198597,-0.013858993931539004,-0.017515579093394417,-0.021600473709787904,-0.02609165757894503,-0.030963897093910606,-0.036190621293621585,-0.041745234458132566
0.3,0.0332893836779194,0.031807673997395064,0.03032350638431912,0.028836210003114128,0.027344864028072235,0.02584817676339446,0.02434429129921749,0.022830462419480606,0.021302498673245067,0.01975375665317461,0.018173239069268307,0.016541807538808323,0.014824259125466883,0.012952316314229688,0.010791138734880102,0.008113117475637014,0.004835477503036797,0.0017388260963278768,0.00010909267700307847,5.899995637409277e-40,5.899995637409277e-40,1.5504745012826996e-09,2.173488338968558e-06,2.1776504559112904e-05,4.7036552648768194e-05,-3.15423958668694e-06,-0.00025453596831895807,-0.000805523801207842,-0.001700186884317606,-0.0029587976816202394,-0.0046022776376526825,-0.006654480341068145,-0.009135307047400336,-0.01205513481698335,-0.015413295337924739,-0.01919944820683945,-0.02339611702419242,-0.027981265449771493,-0.03293042657703284,-0.03821827727744314
0.32,0.034545682461717075,0.033065590864876385,0.03158301108052058,0.030097211980398213,0.02860717901988654,0.027111474059527872,0.025608008639618134,0.024093664909392857,0.02256363766223618,0.021010243180817584,0.019420659921978826,0.017772426593994466,0.016024060124730975,0.014095210714325195,0.011829472837189497,0.008975928577973762,0.005474453089165752,0.0021196884053002805,0.0001746383871973875,3.719300639842859e-39,3.719300639842859e-39,5.5581729804188595e-08,2.559396288978215e-06,2.6415110474664844e-05,7.437728784244836e-05,8.720697911694742e-05,-4.477745788940533e-05,-0.000413683620933921,-0.001055374620489617,-0.0019764737698243725,-0.003188071665716623,-0.004716173575551253,-0.0065954678291181975,-0.008858834933401413,-0.011529763053956598,-0.014619393729488932,-0.0181270786230458,-0.022042707917820772,-0.026349491465081087,-0.03102647948062091
0.34,0.035823809418349964,0.034346231015279935,0.03286619262537194,0.031382905970715476,0.029895264515881925,0.02840168254647694,0.026899833550595102,0.02538621079475541,0.023855361658265097,0.022298497583447978,0.02070085417430725,0.019036438301204973,0.01725715422502539,0.015270244583022306,0.012898519641222574,0.009873872217279676,0.006166137933121397,0.0025651603375410332,0.0002793191924039909,6.117442860999629e-35,6.117442860999629e-35,9.878200578229379e-08,2.163852939108806e-05,9.274008591482164e-05,0.00015654336634522315,0.00018648615162919502,0.00010140030694776291,-0.00018720058960271962,-0.0007172546793664288,-0.0014864804056700983,-0.002487334312876993,-0.003726970712867133,-0.005229164248487102,-0.007027079475194331,-0.00915440395831118,-0.011638713654876311,-0.014498089857781154,-0.01774046371965141,-0.021364670552989597,-0.025362287931862525
0.36,0.03712320236587324,0.035648959379341115,0.03417233330796146,0.03269247947587031,0.031208197962738687,0.029717750311594824,0.028218560310434914,0.02670670968636307,0.025176057129899898,0.02361663666576491,0.022011617023592705,0.020331271716001596,0.018520613181443612,0.01647434566948512,0.013995887343645114,0.010806779854116676,0.006912117274140995,0.0030808494264437567,0.0004348592076732797,2.667820661229411e-27,2.667820661229411e-27,1.1511276839704194e-07,2.5412454130802828e-05,0.0001576674171776954,0.0003594357971581865,0.000528965904513881,0.0005735568291748683,0.00041720234376802444,2.5137683851271888e-05,-0.0005975446233837423,-0.0014315983924444123,-0.0024653241709478493,-0.003703415469614313,-0.005165969230942234,-0.0068825186225931895,-0.00888499450085328,-0.011201984869136839,-0.013855202851526534,-0.016858070410925328,-0.02021585464426731
0.38,0.038443270893664755,0.03697311534176292,0.03550069213978189,0.034025098595823366,0.03254503700894516,0.031058607246173375,0.029562967099870316,0.028053758545382848,0.02652410412950538,0.02496278227942352,0.023350769658678817,0.021654419797810187,0.019811640101253695,0.017704683657488958,0.015119528433955816,0.011774514949020997,0.007713299779996202,0.0036713510925175307,0.0006494729826538685,9.270051254141673e-20,9.270051254141673e-20,3.417758000654715e-06,3.702359526578748e-05,0.00017688791737089073,0.0004019494812985155,0.0006182036452494542,0.0007384311110463033,0.0006873277549432878,0.0004239725714870523,-5.225203093805987e-05,-0.0007214001644123963,-0.0015637540095723536,-0.002570888262825248,-0.003748658267446966,-0.005115411604984788,-0.006697769550637398,-0.008525672351627952,-0.010627913621841359,-0.013028870271801923,-0.01574663127114522
0.4,0.03978340692082577,0.038318022117185324,0.03685051331962363,0.03537991594561708,0.033904827328987745,0.03242317332187383,0.030931825362290492,0.02942595284299085,0.027897890044594312,0.026335078491730307,0.024716180521429626,0.023003464643245215,0.021127595592876677,0.018958684176417946,0.016267701043344386,0.012776869957428348,0.008569905519718106,0.004340087689415906,0.000934757861847021,3.1741558038756385e-17,3.1741558038756385e-17,5.1829792987826485e-06,0.00014803199686468118,0.00047939461802067143,0.0008332758189285824,0.001106643086891565,0.0012521013336734544,0.001226405681997462,0.000999923902930663,0.0005721879754688304,-3.635192189155442e-05,-0.000801042568230206,-0.0017044231217892133,-0.002740904316021253,-0.00391715582472869,-0.0052501205275941164,-0.006763804094565495,-0.008485654357556684,-0.010443173661575288,-0.012661207161900494
0.42,0.04114299111212992,0.039682992700432546,0.038221031952757695,0.036756076431932794,0.03528660879891026,0.03381036555900027,0.03232390800939327,0.030821896494549774,0.029295821777029874,0.02773170647278055,0.026105783061134296,0.02437609723149054,0.022466015466621678,0.020234031115724194,0.017438923255429097,0.013813495150864356,0.009481482309780801,0.005089167953763911,0.001314351759349881,1.5608455560056225e-16,1.5608455560056225e-16,6.091048542347752e-06,0.00016419314126171316,0.0005628028455942404,0.0010499272606136728,0.0014836564182765793,0.0017861721256032918,0.0019085163906216603,0.0018210924780219645,0.0015207231194294107,0.001025759438451808,0.0003631471821135333,-0.00044212741688747685,-0.001372800682988048,-0.0024216562355842295,-0.0035917364651813725,-0.00489515893204209,-0.006350992659119456,-0.00798262505160438,-0.00981505353066698
0.44,0.04252139713074185,0.04106733406060354,0.03961147837229935,0.038152721919791535,0.036689420758257554,0.03521910416485219,0.03373799674539884,0.032240210695792325,0.030716336395314667,0.02915089713524914,0.027517590106772613,0.02577013209148055,0.02382462110824785,0.02152866002720334,0.018631926034445162,0.014883857314335744,0.010446946689569667,0.005919201453729485,0.0018183041981262393,1.1251873298827801e-15,1.1251873298827801e-15,9.590147504187193e-05,0.00034017503273059646,0.0007455250071355383,0.0012395111806165291,0.0016945978779502363,0.002034910205494558,0.002213964209835243,0.0022015071984287744,0.0019893343113535954,0.0015899896919038762,0.0010265939618086754,0.00032323930990716364,-0.0005005171859705322,-0.0014320914504520861,-0.0024667006994955653,-0.003607305281834043,-0.004863891924285049,-0.006252195681914343,-0.007792005929703079
0.46,0.043917994765574675,0.04247035042039705,0.0410210817122318,0.03956899526073979,0.03811230667431953,0.03664831803223281,0.03517288860835289,0.03367954170478999,0.032157910289690686,0.030590941596075075,0.028949705056174477,0.02718351739756628,0.025201323702661125,0.022840745150537002,0.01984560878641653,0.015987223948957165,0.011464646511983355,0.006829162888545552,0.002464572994009556,6.500204946627686e-10,6.500204946627686e-10,0.0001454017080975203,0.0007036935255861417,0.001398449763935185,0.0020804238450353603,0.002653340202372297,0.003064477833143511,0.003285908939315067,0.003301967220034242,0.0031124276899827004,0.0027330914676051664,0.002188981054427743,0.0015064950220797044,0.000708426592846271,-0.00018828282682491985,-0.0011732859548979563,-0.0022429093672006444,-0.003399887813570702,-0.004652794230424647,-0.006015147605854824
0.48,0.04533215245707527,0.04389134602822001,0.04244907303201374,0.04100404388837811,0.0395543183376334,0.03809694967016016,0.03662740176511341,0.03513856759462282,0.03361906687315005,0.03205019956732021,0.030400330136556165,0.028614341053493524,0.0265942234637943,0.024168682251519538,0.021079000088237574,0.017122667635070428,0.012532441735970838,0.007816428131124396,0.003251159905216825,1.254459318262014e-05,1.254459318262014e-05,0.00017431544932017035,0.0007782835182828989,0.0015443498671744353,0.002314064288516295,0.00298423829202701,0.003498234341332172,0.0038280324152378887,0.003957593002324513,0.0038829681665124407,0.00361441530011592,0.003172372758826975,0.00258103689647882,0.001863552384834456,0.0010394581460958455,0.0001235780795153657,-0.0008744102008639357,-0.0019501127284433286,-0.0031043656705070834,-0.00434296768664919
0.5,0.0467632394762422,0.04532962761275132,0.043894688125531364,0.042457023067111924,0.04101451963953208,0.039563959595080356,0.038100380579963414,0.03661600400559497,0.03509838289109063,0.03352710581495464,0.031867772026969735,0.030060833341753076,0.02800160495181056,0.025511069076338908,0.022331224883874914,0.018289085124052196,0.013647798928193018,0.0088769849368371,0.004169768638676446,0.00022431633451074182,0.00022431633451074182,0.0009654565638459534,0.0016325930615806832,0.002367984290523186,0.003100858831301583,0.0037450837158658915,0.004243454035351526,0.004567206847159189,0.004702468664347927,0.004646658071860072,0.0044088085441212075,0.00400659720716786,0.0034613153077345223,0.002793829437230954,0.0020223921550160118,0.0011617504092226068,0.00022285449803745652,-0.0007872447102971955,-0.001865457389550483,-0.0030126708332666556
0.52,0.04821062787614587,0.046784506604811066,0.045357170070768366,0.04392709882903105,0.042491989952617784,0.04104833019795265,0.03959069997696038,0.03811060893609004,0.03659449342045319,0.03502017484702363,0.033350445151972,0.031521366704943016,0.02942192945053747,0.026866684840834966,0.02360147850092969,0.01948522616055459,0.014807893913219041,0.010005738190518797,0.005216080134692185,0.00032819297666778467,0.00032819297666778467,0.001383548751052579,0.002298586383861596,0.003196317722029371,0.004047152898210508,0.004788258588715831,0.00537017332064347,0.005766210905271689,0.00596367885515885,0.005960635720675749,0.0057662667187932636,0.005398617544060705,0.004880027924660008,0.0042330231481921875,0.0034778667798154262,0.0026315235063528106,0.0017074009729401412,0.0007153869106435937,-0.00033806982955443717,-0.0014499142897235438
0.54,0.049673694269830905,0.04825530116312761,0.04683577154366937,0.045413450613809296,0.04398582712569235,0.042549069101567694,0.04109726912158407,0.03962118662171117,0.03810609565319084,0.03652800400676203,0.03484687296035797,0.03299445319549537,0.030853825252535154,0.028234469817363706,0.02488900717181182,0.02070972772410991,0.01600971644040803,0.011196854382094437,0.006381081295688946,0.0007063760932385909,0.0007063760932385909,0.0017228165059367687,0.0026438317531439237,0.0035605095324757518,0.004439411352322286,0.00521750314242066,0.005845038303436853,0.006296026765634005,0.006558670699348967,0.006630005612891647,0.006515917867792625,0.006230261131051117,0.005791687202772327,0.005220175618266942,0.004534652295244466,0.0037517963210636036,0.002885612791451799,0.0019473634466879875,0.0009456021710534026,-0.00011380167737519084
0.56,0.051151821458117905,0.049741338019620496,0.048329756906732614,0.04691527362016969,0.04549515010350433,0.04406521202538163,0.04261903445350383,0.041146590561100815,0.03963195156860279,0.03804927515277966,0.03635568749611982,0.03447874008651336,0.0322960765686254,0.029613505769640454,0.02619309432045064,0.021961150158902223,0.01725017080833955,0.012444123324241404,0.007646270239334078,0.0033581815988204013,0.0033581815988204013,0.0038071222742171672,0.004457703190506082,0.005216857772710825,0.0059932935979560295,0.006704665948388549,0.007287260855811938,0.007703993301412086,0.007937663499345804,0.00798459972106155,0.007851680352018406,0.0075534899110589766,0.007108669651517419,0.006536632517669191,0.005855474531803162,0.00508102573726617,0.0042266137677687485,0.0033031500188892664,0.002319296266852419,0.001281594058177649
0.58,0.05264439991759559,0.05124195415147646,0.049838404078452164,0.04843178087640577,0.04701910118333328,0.04559582517901174,0.044154982107840905,0.04268572575326647,0.04117088960469199,0.03958275510882777,0.03787562755385394,0.03597300408513144,0.033747611651561246,0.031002997724823064,0.02751305165387718,0.023238012447244726,0.018526167081186727,0.013741303018907945,0.00899266126412709,0.00442578411140656,0.00442578411140656,0.004692393272984927,0.005289721560883083,0.006046054741257225,0.0068406807328893725,0.007584656631805141,0.008211694191941694,0.008682577173284207,0.008977702622111422,0.009090064846597464,0.009022512594986808,0.00878594574829944,0.008396522663472242,0.00787256216526128,0.0072321668484644245,0.006491859957824067,0.005666017448724261,0.004766765756074908,0.0038040873842147367,0.002785976444823284
0.6,0.05415082915375682,0.05275649828443313,0.051361006189156864,0.04996220503852808,0.04855684792288468,0.04714000720913405,0.04570413976660911,0.04423755021547459,0.04272180544066224,0.041127295060985065,0.03940553569005067,0.03747614453495593,0.0352074906054891,0.03240225736305058,0.02884821402836625,0.024538824624136417,0.019834698745376883,0.015082407053080256,0.010404779062131428,0.0058020451378938435,0.0058020451378938435,0.005967778521564174,0.006444756312546818,0.007104462154068419,0.007831115239891035,0.008531947499718105,0.009134982139710958,0.009596034043153375,0.009893003461881163,0.010018084025498206,0.009973294492710586,0.009767844460655003,0.009415562938930522,0.00893235480065489,0.008334228748089274,0.007636105212821315,0.006851265655329749,0.005991202620539117,0.005065669543618629,0.004082799809684174
0.62,0.05567051892256418,0.05428433223140849,0.052896873029396725,0.051505799926149745,0.05010758471631549,0.048696890727388746,0.04726557798498038,0.04580107585283045,0.044283662001888886,0.04268182907176654,0.040944354337262547,0.03898717593904213,0.03667489324720964,0.03381068814476279,0.030197937098195096,0.02586211600119518,0.021172904201616192,0.016461913854914894,0.011868386202017502,0.008159555218704201,0.008159555218704201,0.008226303481215844,0.008509332905094159,0.009005698041235424,0.009618063234464465,0.01024508535023193,0.010803998267213647,0.011239957409008412,0.011522333486227299,0.011637753902294695,0.011585209364042302,0.011372586070821849,0.011013373980148287,0.010523617708611727,0.00991962200334667,0.00921658313681857,0.008427970318398523,0.007565377800845807,0.006638615218852256,0.005655885798779538
0.64,0.05720289032342164,0.05582483207092613,0.0544453322981846,0.05306184180788967,0.051670534057198375,0.05026564344900649,0.048838411038838375,0.0473753687510878,0.04585548879536425,0.044245371869532375,0.04249112124175991,0.04050522008186602,0.03814910729356084,0.03522777217978319,0.031561596861720914,0.027206458452062522,0.022538111126117824,0.017874894020470388,0.013372287991551232,0.009193885943915028,0.009193885943915028,0.009229924238425181,0.009445587221270986,0.009888002485069842,0.010468861155527445,0.01108426294412476,0.011648705136577425,0.012105195109842292,0.012421250793034286,0.01258121027189854,0.012580938689628346,0.012424711891623523,0.01212263844376356,0.011688140551654376,0.011135819906644686,0.010479983851778351,0.009733817360327631,0.00890902841080427,0.008015779986680207,0.007062767408046511
0.66,0.05874737676690141,0.05737738917070108,0.05600573065936944,0.05462963044933125,0.05324494750868761,0.05184546897328437,0.050421797340755976,0.0489595489630903,0.047436380678586965,0.0458170160587012,0.04404496441828053,0.0420294979793254,0.03962951707175738,0.03665305876271569,0.032938590362797296,0.02857048449793021,0.023927864239843687,0.019317061162950757,0.01490883900602458,0.01135744987026321,0.01135744987026321,0.011373511335230228,0.011503604007868156,0.011822295504924253,0.01228478611973443,0.012803639893720287,0.013294013971027915,0.013693421038590857,0.013963857303718167,0.014086577873375175,0.014056501988198826,0.013877822177780889,0.013560474642645533,0.01311729924025325,0.012561977054451608,0.011907744800019424,0.011166729492499868,0.010349694052492779,0.009466016277380947,0.008523780351608723
0.68,0.0603034248212435,0.05894141106241235,0.05757743461556315,0.05620848993774314,0.05483010640222512,0.053435607237744,0.052014939471305394,0.05055278985696159,0.04902549615845015,0.0473959288823046,0.045605096788930134,0.043559321841018295,0.04111559288569409,0.03808615444961486,0.03432833696182598,0.029952900316633047,0.025339938223391093,0.020784762226806367,0.016471802718971307,0.013087104029795597,0.013087104029795597,0.013093949082201945,0.013171289184662779,0.013408151830653267,0.013795688272755994,0.01426018995658201,0.01471859601840802,0.015105648280914328,0.015379045277110414,0.0155154040325981,0.015505231611040284,0.015348996568422967,0.015053927376382142,0.014631230043375711,0.014093842685857871,0.013454866346695165,0.012726635562322269,0.011920272342208233,0.011045549272698855,0.010110923600068392
0.7000000000000001,0.06187049494198778,0.06051632217442689,0.05915983120957982,0.0577977692984545,0.056425322286748264,0.05503533467785135,0.053617083871668525,0.052154317090969966,0.05062205530940732,0.048981348654090415,0.04717081064795891,0.04509408718924468,0.042606881119875824,0.03952671452442099,0.03573027974272193,0.03135249408182926,0.02677233830892529,0.0222749275001932,0.018056700219139,0.014430989224082801,0.014430989224082801,0.01443433466350993,0.014485538940405114,0.014672544041688988,0.015006572781516087,0.015426467304426051,0.01585340058613547,0.016222125221868472,0.016489093093129664,0.01662962500715528,0.016632898451147352,0.01649776227036803,0.016229525483506944,0.01583740261297345,0.015332526315642414,0.014726535882146768,0.014030690423520108,0.01325538963881125,0.012409970661563323,0.011502671414305629
0.72,0.06344806208978895,0.06210156442975398,0.06075232856414407,0.05939684291835954,0.05802993715055499,0.05664396412391785,0.055227520241828365,0.05376340727607632,0.05222533739223721,0.050572580963033104,0.048741472070439204,0.046633265244590834,0.044102995122397015,0.04097443569422626,0.03714388675898918,0.032768140225594974,0.0282232914530433,0.023784997938360197,0.01966051344929981,0.016715699580749685,0.016715699580749685,0.016717015198379308,0.016744143355220443,0.016866151611576997,0.01711404953185957,0.01745019800043844,0.017806599951614176,0.01811914472102857,0.018341299758587292,0.018444909506597797,0.018416652149851657,0.01825400975749672,0.017961700455891,0.017548723400776702,0.017026100270017146,0.016405331528252142,0.01569747103318468,0.014912655684102485,0.01405992771475967,0.01314722406842291
0.74,0.06503561624177014,0.06369659771700383,0.06235435627087012,0.06100511079221094,0.05964332343789145,0.05826084446590128,0.05684558068656273,0.0553793863827942,0.05383467824669588,0.052168994739264,0.050316515361322,0.04817639565839854,0.04560360687768339,0.0424290498548635,0.03856865193787993,0.034198800318517214,0.029691230996699094,0.025312844690527518,0.02128055042935157,0.018084451710708386,0.018084451710708386,0.01808504250422845,0.018101473699012986,0.018191918098016298,0.018397927672181107,0.01869600261395692,0.019025909389318862,0.019326186277376877,0.01955008592402146,0.019667651834656866,0.01966283991391355,0.019530019989616003,0.01927092460078935,0.01889208213386189,0.018402728815787195,0.017813243357440917,0.017134093730447685,0.01637521123072857,0.01554567458990647,0.014653594833004963
0.76,0.06663266280211433,0.06530090024238973,0.06396536563981708,0.06262199860739352,0.06126488388196813,0.05988536011571759,0.05847063864899814,0.057001627944332334,0.055449467523117114,0.05377001825724987,0.05189543762187672,0.04972307964762266,0.04710843945700396,0.043890318778374376,0.04000409555380399,0.03564352128997923,0.031174777441450904,0.026856691596831253,0.022914875017475855,0.020004821110860938,0.020004821110860938,0.020005072076452253,0.02001435427491767,0.02007605363065505,0.020233025596375735,0.020474909689700577,0.020751475122884944,0.021005052073774292,0.021189120045094774,0.02127306832150422,0.021240489366200016,0.021085715219144624,0.02081042597817237,0.020420845694048426,0.01992562635197482,0.019334380944412283,0.01865675481994626,0.017901896288658632,0.017078196285491613,0.01619319489938613
0.78,0.06823872291785904,0.06691396877099035,0.06558482982093625,0.06424695768273908,0.06289405117546244,0.061516930295257455,0.060102107668719984,0.0586295511031377,0.05706914581011366,0.05537513513982255,0.05347779349341347,0.051272973567102746,0.04861726021863693,0.04535802958828876,0.04144976425121988,0.037101431683948916,0.03267271752244652,0.028415046228891145,0.02456199117882316,0.021899199463853755,0.021899199463853755,0.02189930028677682,0.02190426212843955,0.02194473052680454,0.022061843464574085,0.02225687154171485,0.022490570481439667,0.02271073803758668,0.022871912224325525,0.02294214221543902,0.022902731260596096,0.022745646408515487,0.02247059813418871,0.02208241321317902,0.021588894046956512,0.020999225203305855,0.020322897875694884,0.019569058405209755,0.018746164141987428,0.01786184042537123
0.8,0.06985333370599434,0.06853531876562116,0.06721224380875562,0.0658794647765584,0.06453028749874082,0.06315500817671685,0.06173943999858049,0.06026261854313758,0.05869320170779946,0.05698388041535878,0.05506319012321874,0.052825782937734114,0.05012987471867754,0.04683199090490004,0.04290523064517161,0.03857173657881803,0.03418398323874829,0.029986642039125662,0.02622043738019001,0.02333001228901902,0.02333001228901902,0.02333005689369685,0.023332966697748814,0.02336170859797076,0.02345473186581453,0.0236199516494181,0.0238258318102303,0.02402488334668656,0.024173563590980822,0.024240152837670212,0.024205257263188222,0.024059603337233035,0.023801361178693192,0.023433740132358008,0.022963041610874764,0.022397192019185455,0.02174471649842951,0.021014077654971628,0.020213289152299363,0.019349719685947852
0.8200000000000001,0.07147604839804758,0.07016448443164226,0.06884712434134464,0.06751902177864011,0.06617308392510421,0.06479907990003986,0.06338212511134012,0.061900334345155655,0.06032116888883852,0.05859583667030054,0.0566512823848717,0.05438125693586866,0.05164612128672913,0.048312029559147845,0.04437009255757825,0.04005371170928866,0.0357076319904317,0.03157039197532884,0.027889168570390043,0.025485501372384475,0.025485501372384475,0.02548551884226797,0.02548701997906808,0.025505014283563644,0.025570743636571157,0.025696050159186738,0.025857585937029044,0.026013411432151544,0.026122080800456082,0.02615208170913675,0.026083716992429947,0.02590752497793577,0.025621695171768877,0.025229544519281097,0.024737441681731143,0.024153273867664086,0.023485413906663737,0.02274208538732963,0.02193101242596386,0.021059256254819365
0.84,0.07310643640839753,0.07180101867592394,0.07048900970449584,0.06916515530032435,0.06782195972129743,0.0664486634904616,0.06502968812425554,0.06354224179845194,0.061952623182808655,0.06021063033014143,0.05824176837426636,0.05593918333907,0.0531658662170804,0.04979798778916429,0.045843971962875166,0.041546697227384716,0.0372428285224342,0.03316535218123168,0.02956722907502007,0.027037331883637366,0.027037331883637366,0.027037339200601182,0.027038168101598814,0.027050244878828827,0.027099988956908284,0.0272019730576964,0.0273396092017579,0.027476595048105817,0.02757444841437543,0.027602304455046,0.02753956547925808,0.02737503562500809,0.02710491237690651,0.026730667823584058,0.026257193301151793,0.025691328835112208,0.025040790933676112,0.024313452917543135,0.023516903543244566,0.02265820593123958
0.86,0.07474408333243901,0.07344449298802071,0.07213745945150389,0.07081741617615389,0.06947646156022524,0.06810330769724043,0.06668168816687545,0.0651879211967976,0.06358717971327893,0.06182792809403005,0.05983438519365401,0.0574993839156466,0.054688999524721914,0.05128972084743682,0.04732651372113662,0.04305009143889697,0.038788829015080316,0.034770694146109615,0.031253713954683,0.02885964749850817,0.02885964749850817,0.028859650513008074,0.028860098761936834,0.02886797850937628,0.028904274533066168,0.02898348348718701,0.029093336500771307,0.029201712978343074,0.029272571605174248,0.029276198671725727,0.02919257671826741,0.02901086641909036,0.02872744023046565,0.02834372035708143,0.02786432229985882,0.027295641532040633,0.026644863515219122,0.02591931860434979,0.02512609230956001,0.024271811879396036
0.88,0.07638859088076289,0.07509449725150719,0.07379205404868942,0.07247537888983363,0.07113616266179162,0.0697625907727159,0.06833771671427177,0.06683698764356497,0.0652244901113798,0.06344743354122481,0.06142890502869658,0.05906171023978879,0.056215431215943794,0.05278709495853287,0.048817384173675954,0.04456334475846478,0.04034496739699838,0.03638568357836591,0.03294796585557779,0.030794590037382684,0.030794590037382684,0.0307945912233888,0.03079482234383857,0.030799741041691645,0.030825232914140865,0.030884823890510036,0.030970208367015188,0.031053912130775064,0.031102830540263745,0.031088332788097965,0.03099027514373216,0.0307971336411226,0.03050448256522197,0.03011306736058167,0.029627026764566175,0.029052466323182313,0.028396417860553306,0.02766614074095367,0.02686869065719414,0.026010679824484604
0.9,0.07803957675522957,0.07675063949293992,0.0754523944562151,0.07413864093639308,0.07280066187641682,0.07142611920902264,0.0699973959053378,0.068489088886282,0.0668642398246472,0.06506888392171312,0.06302513151758114,0.06062603991022876,0.05774508802486619,0.05428998557742034,0.05031626966804579,0.04608595404562537,0.04191064378026854,0.03800966427964906,0.03464930334234692,0.03231249493135591,0.03231249493135591,0.03231249542941763,0.03231262260161809,0.0323158884205371,0.032334807732406365,0.03238198189872714,0.03245196280471007,0.032521178497780065,0.03255945543172944,0.032539673028616115,0.032442028341420695,0.032254545843131234,0.03197188745327035,0.03159369089503677,0.031122989625209343,0.030564913386964866,0.029925709128851646,0.029212053631818544,0.02843060298169633,0.027587719547269976
0.92,0.0796966744727608,0.07841254557583888,0.07711810165326378,0.07580682213173282,0.0744695827245259,0.07309352644782224,0.07166037686306298,0.0701439031977299,0.06850614553550297,0.06669204713833121,0.06462289640658417,0.062192273147852264,0.05927791056961744,0.05579827590670666,0.05182287506865007,0.04761745741769771,0.04348531481497101,0.039642045792061466,0.03635714449841584,0.034369652222245806,0.034369652222245806,0.0343696524165573,0.03436971720476248,0.034371718711671585,0.034384625203049406,0.034418566558122844,0.034469096303715474,0.03451510796831504,0.03452844636609851,0.03448319790084817,0.03436028457425778,0.034148290881098345,0.033842391615509906,0.03344267217656859,0.032952495429036,0.032377171856364004,0.031722984911955895,0.03099653191725494,0.03020431042472723,0.029352479877669507
0.9400000000000001,0.08135953314243421,0.08007985884655161,0.07878881611612781,0.0774795638798099,0.07614257240415137,0.07476447157679664,0.07332633803131822,0.07180113731734644,0.07014995269982159,0.06831671892343881,0.06622205648297949,0.0637603297462913,0.06081385088470025,0.05731185563782004,0.05333692229748409,0.04915742958357917,0.04506848571284291,0.04128229381424307,0.03807102504519265,0.03602666326531713,0.03602666326531713,0.03602666334391733,0.036026697583449695,0.03602797116704602,0.03603712581016803,0.03606270046178231,0.03610168414879506,0.036136048534207016,0.03614036783507663,0.0360902540920699,0.03596696117331341,0.035758563201211596,0.03545928568113775,0.03506815608402179,0.034587584896465594,0.03402213783772064,0.03337758061287085,0.032660192078749685,0.03187630451375608,0.031032018631612982
0.96,0.08302781720119118,0.08175223973860318,0.08046419725712964,0.07915652840689398,0.07781930077745669,0.07643863802479697,0.07499498354035739,0.07346052446398704,0.07179543321273396,0.06994272020994696,0.067822490773501,0.06533014634902595,0.062352870289187304,0.058830619886493435,0.05485814893809625,0.0507054777043852,0.04665970368047566,0.0429299225835372,0.03979044730266539,0.037809571599284095,0.037809571599284095,0.03780957163098675,0.03780958964564618,0.037810392439928564,0.03781675786521564,0.037835306358896606,0.037863140600865465,0.03788380678265858,0.03787359458166373,0.03780940433532515,0.03767334918485754,0.03745405713210627,0.037146074150774144,0.036748541049685224,0.03626379935501177,0.03569620612364908,0.03505123279341163,0.03433483007884299,0.03355300802021167,0.032711576059320846
0.98,0.0847012061132903,0.083429365341766,0.08214392283180488,0.08083739797156318,0.0794994593459902,0.07811573226610972,0.07666604161123972,0.07512182242834087,0.07344238320584558,0.07156989469357591,0.06942409799476204,0.0669016740266374,0.06389493755358035,0.06035446829719386,0.05638630692546895,0.052261237760592466,0.048258552517013324,0.04458448875184203,0.04151502629988359,0.03974503009565865,0.03974503009565865,0.03974503010800242,0.03974503924603624,0.039745526301298906,0.03974977151093052,0.039762561723408696,0.03978086994824542,0.03978960756756003,0.0397666486459709,0.03968997899363383,0.03954221866739503,0.03931211083320081,0.0389941335424588,0.03858731863299161,0.038093925434052794,0.03751827132972163,0.03686582032140144,0.03614253058273895,0.03535441999983978,0.03450729764591314
1.0,0.08637939403838556,0.08511092894153721,0.08382768832114616,0.08252187405811603,0.08118276022312701,0.07979548254263674,0.07833926300743976,0.07678481175117365,0.07509062097777497,0.07319810658119318,0.07102679424086245,0.06847487612852618,0.06544002733128143,0.06188330429450475,0.05792116133558796,0.05382437138876388,0.049864648158588765,0.0462455863522814,0.04324440334219949,0.04133352256524897,0.04133352256524897,0.04133352257027291,0.04133352741741621,0.04133383575711993,0.04133678047506767,0.0413459568299125,0.04135851717570294,0.04136092678498181,0.041332911317623906,0.04125382515368535,0.041106943502420244,0.04088103635712334,0.040570174053164904,0.0401727461044802,0.03969029863387734,0.03912647798632515,0.03848618259277018,0.037774934027721745,0.036998439557619014,0.03616230638509818
1.02,0.08806208947268132,0.08679663953452138,0.08551520629507296,0.0842096765606008,0.08286893511133214,0.0814776376115581,0.0800144195401578,0.0784492939915836,0.07673998505772706,0.074827238518341,0.07263051089268456,0.07004972638437551,0.06698811882373416,0.0634170344622362,0.059462489281188295,0.05539456314194847,0.05147763498404315,0.047912842573819975,0.04497822068522744,0.043321349843681974,0.043321349843681974,0.04332134984563308,0.04332135229436459,0.04332153664057499,0.043323422530676364,0.043329160131847164,0.04333507125774182,0.04332776308231413,0.04328755678304791,0.0431944504688439,0.04303231787901888,0.04279050820657194,0.04246365823832978,0.04205067678901093,0.041553536218447734,0.040976186281692396,0.04032370146614125,0.039601667721520406,0.03881577096322715,0.037971538946177955
1.04,0.08974901486757393,0.08848622132465253,0.08720620576300388,0.08590054296351536,0.08455773429069983,0.08316196552469844,0.08169130263245211,0.08011509008776718,0.07839033240032578,0.07645718968789456,0.07423519273320922,0.07162620723191163,0.06853919465116268,0.06495556803325406,0.061010078914520406,0.05697151812439117,0.053097182728870054,0.04958591419475456,0.046716206771872014,0.045040956019791974,0.045040956019791974,0.04504095602056543,0.045040957283188535,0.04504106964825401,0.045042300933540315,0.045045949502893534,0.04504822844643621,0.04503666760557596,0.044992868660863355,0.04489781759256317,0.0447358309612882,0.04449620157463113,0.04417318371225723,0.043765163158704955,0.04327359078500684,0.042701979376749154,0.042055082703718334,0.041338279848680076,0.04055714400785206,0.0397171595133178
1.06,0.09143990622965667,0.09017941320485034,0.08890043151638585,0.08759422752482209,0.08624892562441025,0.08484825244469449,0.08336972194578905,0.08178203881127262,0.08004153670847812,0.07808787407096471,0.07584079625323153,0.07320430834888966,0.07009323990360382,0.06649881647493613,0.06256372853383871,0.05855495995157509,0.054722983883982085,0.05126448451169148,0.04845807378976684,0.046810188608201075,0.046810188608201075,0.04681018860850831,0.046810189259931655,0.04681025690242731,0.04681102420908171,0.04681299852050234,0.046811907382046346,0.04679549293133312,0.046745980960221464,0.046645031312187786,0.046477516641715406,0.046233134302161874,0.04590639791731445,0.045495818736880696,0.04500285542064644,0.04443093580196709,0.04378466705899273,0.04306925101814833,0.042290078440624546,0.041452463644191376
1.08,0.09313451270589314,0.0918759682283323,0.0905976434680803,0.08929050046606402,0.08794229358573465,0.08653630150195395,0.08504950407157227,0.0834499953145867,0.08169348688015944,0.07971921886056654,0.07744728813221448,0.07478402536874704,0.07165024134948642,0.06804669315675999,0.06412324578748109,0.06014462898953081,0.056354751481492854,0.052948260673392145,0.05020356983601301,0.048733182238440184,0.048733182238440184,0.04873318223855855,0.048733182565398096,0.04873322169344892,0.04873366146536955,0.04873437403853065,0.04873061025397113,0.04871014304752463,0.04865553640813144,0.04854880430313369,0.04837506311374339,0.04812415151926158,0.04779067431420776,0.047373226567679394,0.046873361701769325,0.046294612019923784,0.045641688507519255,0.04491988501979375,0.04413466502622174,0.043291393234755574
1.1,0.09483259615737631,0.09357565307340027,0.09229761599249484,0.09098914717381447,0.0896376383106371,0.08822593169555966,0.08673049128912384,0.08511882977094314,0.08334608557401972,0.08135116301838348,0.07905464387954961,0.07636535876085701,0.07321018678133226,0.06959911308798178,0.06568844696766235,0.06174028083158374,0.05799221719096499,0.05463697136300139,0.0519524841425455,0.05037608760071573,0.05037608760071573,0.050376087600763765,0.05037608776974277,0.05037611088026605,0.0503763599007904,0.050376378516029025,0.05037139055779943,0.050349711929108476,0.050294737153054686,0.050189201218773065,0.050018615934437384,0.049772861986053143,0.04944630951898914,0.04903715299070106,0.048546482839607295,0.047977383748728106,0.04733418187428343,0.04662187001352589,0.04584569635648981,0.04501088689513517
1.12,0.09653393072469754,0.09527824750508262,0.09400013727020731,0.09268996741604293,0.09133477467908269,0.08991697684034189,0.08841254039065172,0.0867884261041752,0.08499924788837189,0.08298365596483273,0.08066284662219783,0.07794831285787543,0.07477306448039377,0.07115599271465657,0.0672591563852065,0.06334168497565701,0.05963512966660028,0.05633036475106201,0.05370458937715687,0.0523154975218133,0.0523154975218133,0.05231549752183217,0.052315497606150986,0.0523155100977177,0.05231560678532734,0.052314927687424496,0.052308206276646556,0.05228344495692423,0.052223933825999054,0.05211245076240213,0.05193466482444315,0.051680715206620015,0.05134530504382457,0.050926990518869446,0.05042720299512188,0.04984930989509075,0.04919784360559109,0.048477925631587176,0.047694865658300126,0.046853899319631125
1.1400000000000001,0.09823830238798321,0.09698354383684456,0.09570500864025222,0.09439277457641915,0.09303353142764073,0.09160928456174275,0.0900955215730971,0.08845868080611372,0.08665290014755536,0.08461665639274446,0.08227188602541732,0.07953289501411831,0.07633886278398525,0.07271724976644009,0.06883520581618563,0.06494862367026177,0.06128325309928903,0.05802820669144365,0.05545970587993703,0.05407328677410337,0.05407328677410337,0.05407328677411141,0.054073286816681825,0.054073293553572224,0.05407331265846849,0.05407234373757664,0.05406514779492021,0.05404006532925113,0.053980860385085094,0.05387067554173826,0.053695309443494287,0.0534447993751085,0.053113589879574596,0.05269991298543754,0.05220488504040748,0.0516316135873295,0.05098444486141112,0.05026838688319217,0.04948869664470614,0.0486506022073146
1.16,0.099945508524069,0.09869134639503152,0.09741204396279711,0.09609739490914032,0.09473375029532495,0.09330271533915659,0.0917793173960208,0.09012950183828072,0.08830697878954835,0.08625013119525943,0.0838817573341267,0.0811191148803419,0.07790756974110023,0.07428280314469875,0.07041643401166829,0.06656089090209716,0.06293636593778915,0.05973027912534051,0.057217657645458275,0.05584050676025794,0.05584050676025794,0.055840506760260616,0.05584050678157069,0.05584050991691078,0.05584047207478224,0.055839248445776465,0.05583149256742174,0.055805611010065675,0.055745562536442236,0.05563470515445208,0.05545901068426144,0.05520863139439744,0.05487807085395627,0.05446556918135732,0.05397220621223635,0.05340101794253345,0.0527562566149971,0.05204282712214345,0.0512658856931234,0.050430570179350674
1.18,0.10165535746327073,0.10040147098852541,0.09912106899462675,0.09780366681626161,0.09643528520410133,0.09499714159832795,0.0934638218042256,0.09180080761433562,0.08996142934856999,0.08788405449879103,0.08549246052329548,0.08270698378166894,0.07947917284356112,0.07585257284448524,0.0720026862622793,0.06817829150255769,0.06459425975121706,0.06143637865432246,0.058978272400581476,0.05774785717204624,0.05774785717204624,0.05774785717204664,0.05774785718242137,0.05774785823837897,0.05774778618264033,0.05774640430808485,0.057738274539967535,0.057711765317844055,0.057650810377210135,0.05753871100549696,0.05736135507635632,0.05710881853685244,0.05677556897373538,0.05635986499318251,0.05586285466504451,0.0552876758902469,0.05463869738743252,0.053920938713405274,0.05313965781402358,0.05230007554569578
1.2,0.10336766804775087,0.10211374438571448,0.10083192077934251,0.09951144014927046,0.09813800147498536,0.09669244685248488,0.09514893921342629,0.09347252605942877,0.09161620552637659,0.08951840679236708,0.08710399954666205,0.084296514186642,0.08105365882146494,0.07742647990387674,0.07359381401000081,0.06980064035428783,0.06625673821104018,0.06314631527281302,0.060741412938416825,0.05943210450761255,0.05943210450761255,0.05943210450761258,0.05943210451271609,0.05943210459704003,0.05943202279172438,0.05943065468240757,0.05942278211497823,0.059397204143050275,0.05933832489045848,0.05922977284293114,0.0590575362797935,0.05881157442542241,0.05848608079772631,0.05807895608606538,0.05759097220295534,0.05702492056661819,0.05638488136245098,0.055675654876649286,0.05490234813122992,0.05407009118205314
1.22,0.1050822691935012,0.10382800380067489,0.102544447054098,0.10122057553610957,0.09984177508036358,0.09838852489173835,0.09683458365673481,0.09514459374254741,0.09327126834612193,0.09115317414507654,0.08871638167380594,0.08588771925659955,0.08263101349299819,0.07900444637503798,0.07518967450043063,0.07142776168223011,0.06792361617527057,0.06485991123242121,0.06250693077212081,0.061337541793629324,0.061337541793629324,0.06133754179363039,0.061337541795893624,0.06133754108871968,0.06133744339401837,0.06133599044302216,0.06132788217050131,0.06130181967760926,0.06124208114409157,0.06113215619107855,0.060957927732259096,0.06070932451455911,0.06038059597116208,0.05996976723301836,0.05947777047236405,0.05890756071078428,0.0582633617310961,0.05755008542612705,0.05677291587103074,0.055937029049336846
1.24,0.10679899945749813,0.105544096390116,0.10425850567408701,0.10293094373454051,0.10154649193257322,0.1000852790197784,0.09852067798988379,0.09681695507762321,0.09492658538281545,0.09278834750387782,0.09032961690658607,0.08748061246565383,0.08421122165998468,0.08058639531217185,0.07679013046956754,0.0730594884164047,0.06959471886100538,0.06657700002075205,0.0642746987145615,0.06311900608826049,0.06311900608826049,0.0631190060882588,0.06311900608927687,0.06311900522690685,0.06311891151605675,0.0631175342281715,0.0631098067392001,0.06308478868568704,0.06302706798577475,0.06292026280473752,0.06275017906166624,0.06250651334446095,0.062183203752748925,0.06177795436576619,0.06129141527808272,0.06072632400310153,0.06008675794891536,0.05937754772668463,0.058603848763715244,0.057770846808328155
1.26,0.1085177066115372,0.10726187876246422,0.10597396405592088,0.1046424250124803,0.10325204720877958,0.10178262133683114,0.10020715315238425,0.09848956158941799,0.09658213006443948,0.09442392206447146,0.09194371746659324,0.08907520728257563,0.08579426704154672,0.08217225077224198,0.07839504985998284,0.07469566161597382,0.07126988109401891,0.0682974254478253,0.06604460211813001,0.06488938662539212,0.06488938662539212,0.06488938662539236,0.06488938662569062,0.06488938557071684,0.06488929144525982,0.06488794591940414,0.064880423456618,0.06485601951135017,0.06479953666431257,0.06469470007267578,0.06452730618086722,0.06428696057580437,0.06396746868237649,0.06356638847122281,0.06308422660461986,0.06252358839305396,0.06188843507166997,0.061183499938751024,0.06041386130850979,0.05958464794779279
1.28,0.1102382472239952,0.10898121650018933,0.10769069864072271,0.1063549085556924,0.10495834471166524,0.103480472067347,0.10189394748222658,0.10016237124001198,0.09823788103833782,0.09605989670847001,0.09355869734609332,0.0906715169067899,0.08738013223933272,0.08376193782502096,0.08000430556199442,0.07633612994602743,0.0729489466261278,0.0700210408195344,0.06781652058281797,0.0667815712385057,0.0667815712385057,0.06678157123850531,0.06678157123849715,0.06678157012948176,0.06678147771618141,0.06678016685095792,0.06677281822763928,0.06674886359078869,0.06669315929428675,0.06658934855465362,0.0664230441619337,0.06618363758857498,0.06586475120150362,0.06546382393813671,0.06498131348032699,0.06441983504526552,0.06378340034849868,0.06307681536187272,0.06230523849218735,0.06147387593677107
1.3,0.11196048625064955,0.11070198369625854,0.109408594377572,0.10806829190286597,0.1066652962652631,0.10517875893100032,0.10358100608117848,0.10183534781187462,0.09989382159748744,0.09769627350060744,0.09517457191564031,0.09226955405155746,0.0889687987285818,0.08535538256957062,0.08161777517615773,0.0779807492000795,0.07463176751254803,0.0717477081923245,0.06959035755851331,0.06849713434229891,0.06849713434229891,0.06849713434229775,0.06849713434218492,0.0684971333570662,0.06849705074745203,0.06849585560722152,0.06848904044221274,0.06846652575473511,0.06841362437517619,0.06831422985311263,0.06815395191221682,0.0679219705681989,0.06761156812036559,0.06721979243641074,0.06674671877118696,0.0661946268321391,0.06556725905472507,0.06486922331517991,0.06410554662178175,0.0632813608028595
1.32,0.11368429663542612,0.11242406250551895,0.11112754422759505,0.10978248040800065,0.10837282114535492,0.10687741655508905,0.10526828022806242,0.1035084603436098,0.10154993916169806,0.09933305724020927,0.09679135758212411,0.09386933076817647,0.09056024687008252,0.08695251215481331,0.08323534079399318,0.07962938186251371,0.07631820354267695,0.07347729770074549,0.07136601292774962,0.07037854247555723,0.07037854247555723,0.07037854247555685,0.0703785424753126,0.07037854140707772,0.07037845808258576,0.07037727561555657,0.0703705576674371,0.07034833457466404,0.07029597677472638,0.07019733039013724,0.07003787724331854,0.06980664856841098,0.06949680630614652,0.06910532835083202,0.0686322690712789,0.06807992298429028,0.06745206717127436,0.0667533510465137,0.06598884171421124,0.06516370548805495
1.34,0.11540955892182311,0.11414734271143664,0.11284744868898662,0.11149738672980294,0.11008084554318125,0.10857638592682894,0.10695572683717512,0.10518168261463533,0.10320622480907896,0.10097025506160656,0.09840907149172276,0.09547085830574695,0.09215445593883125,0.08855325480227631,0.08485688879437023,0.08128189670617793,0.07800812171867076,0.0752096869452239,0.0731433935567323,0.07217482559558129,0.07217482559558129,0.07217482559558171,0.07217482559537669,0.07217482467505053,0.07217475019117622,0.07217366714496522,0.07216740293804899,0.07214639651905339,0.0720963791297001,0.07200135193492686,0.07184671453831676,0.07162123848101655,0.07131773747123558,0.0709328308515287,0.07046625658770994,0.06992006142332217,0.06929784983528735,0.06860416775947353,0.06784403564150893,0.06702261586675952
1.36,0.11713616087572296,0.11587172130878387,0.11456821534307002,0.11321293034773036,0.11178930206165828,0.11027561388344724,0.10864330795911654,0.10685499267504676,0.10486267285331925,0.10260787607861425,0.10002773127268448,0.09707414700159919,0.09375140416573755,0.09015753982950321,0.08648230965347274,0.08293816842117704,0.07970139577694965,0.07694476043847465,0.07492242004689151,0.07395041774143674,0.07395041774143674,0.07395041774143835,0.07395041774118813,0.0739504168369187,0.07395034613336064,0.07394932146662639,0.07394336437599763,0.07392324897863599,0.07387503559350404,0.0737829094496657,0.07363227066494996,0.07341174617460758,0.0731139228961476,0.07273516612271974,0.07227496938306925,0.0717351650128088,0.07111918194442954,0.07043143110304334,0.06967683604633598,0.06886049585698513
1.3800000000000001,0.1188639971199944,0.11759710210227796,0.1162897584211328,0.11492903710404555,0.11349812924277224,0.11197505263825144,0.11033099032137329,0.10852837241733432,0.10651928046279203,0.10424593106869404,0.10164735481345331,0.098679206198199,0.0953510687893232,0.09176529767293495,0.08811149776658889,0.08459807727150596,0.08139790574839612,0.07868240910148108,0.07670300681828887,0.07582917709401885,0.07582917709401885,0.07582917709402012,0.07582917709377726,0.07582917621606418,0.07582910815843888,0.07582812288479354,0.07582237374512528,0.07580285634752468,0.07575582042657945,0.07566549982380578,0.07551718749270767,0.07529930217998439,0.07500419301149606,0.07462801250748417,0.07417009491733542,0.0736321734019424,0.07301763103503707,0.07233087361839391,0.07157684702745568,0.070760688729425
1.4000000000000001,0.12059296878132081,0.11932339532154684,0.1180119983920091,0.11664563877119585,0.11520727112492642,0.11367465934086039,0.11201874490592059,0.11020180718663387,0.10817604731759706,0.10588443219268667,0.10326796007207836,0.10028604418264292,0.0969534261148132,0.09337645990939257,0.08974435128033381,0.0862615087767101,0.08309753755350895,0.08042252980326006,0.07848508239909542,0.07756849036179922,0.07756849036179922,0.07756849036180008,0.07756849036159977,0.07756848961140611,0.07756842959402077,0.07756754007709799,0.07756225366442489,0.0775440459007791,0.07749965954534796,0.07741363686137825,0.07727131544865293,0.07706092577385892,0.07677447757546182,0.07640771872586155,0.07595958087760532,0.07543143985649577,0.07482638852221357,0.07414861566855889,0.07340291935042084,0.07259434892699482
1.42,0.12232298314949289,0.12105051725230287,0.11973486157004486,0.11836267264389337,0.11691667682910889,0.1153743956695658,0.1137065465615735,0.11187528542634576,0.10983297530114017,0.10752339274651382,0.10488956491331174,0.1018946681455258,0.09855845157842,0.09499095927548351,0.09138077193412995,0.08792835341615135,0.0848001826292462,0.08216502494276384,0.08026857684589958,0.07943276091944228,0.07943276091944228,0.07943276091944207,0.07943276091920148,0.0794327601223924,0.07943269970977071,0.07943182354577163,0.07942665182654556,0.07940884549148204,0.0793653453572159,0.07928079883473613,0.07914051942267028,0.07893261403560362,0.0786489227581782,0.07828502297049006,0.07783970141578764,0.07731422428585336,0.07671160930213178,0.07603599903961702,0.07529216752386579,0.07448515618237898
1.44,0.12405395334928028,0.12277838988368518,0.12145827974294718,0.12008008115494,0.11862630017232145,0.11707422745401641,0.11539437364832561,0.11354879835631404,0.11149006822296251,0.10916282694148521,0.10651218697008795,0.10350508415619566,0.100166119815026,0.09660872968448506,0.09302066491002968,0.08959850635379306,0.0865057375846018,0.08390980206526161,0.08205342072198654,0.08123834986550332,0.08123834986550332,0.0812383498655024,0.08123834986531431,0.08123834917209997,0.08123829464830033,0.08123748845503631,0.08123266260376558,0.08121585722770928,0.08117441292003176,0.08109322446658968,0.08095762410570151,0.08075553455229725,0.0804784851049485,0.08012169657086547,0.07968361498538234,0.0791652184625641,0.07856930466359643,0.07789986468478557,0.07716158172084017,0.07635945540425756
1.46,0.1257857980251897,0.12450694057167495,0.12318218981923318,0.12179781151402387,0.12033609930714106,0.11877412432642809,0.11708220771163122,0.11522233968073915,0.11314733156986444,0.11080274971025322,0.10813584352659625,0.10511729715187618,0.10177640472774183,0.09822970624041168,0.09466393869007475,0.09127186718170796,0.08821410388233861,0.08565677351168148,0.08383955612117741,0.08301968428093785,0.08301968428093785,0.0830196842809382,0.08301968428073404,0.08301968360221125,0.08301963168887828,0.08301886886386607,0.08301429297204763,0.08299827598872625,0.08295854535039453,0.08288027943326419,0.0827489053525842,0.08255225664092827,0.08228164372205801,0.08193200284223205,0.08150148223762765,0.08099078394175653,0.08040247043282689,0.07974034605602673,0.07900895565539798,0.07821320452333796
1.48,0.12751844103877719,0.1262361017182404,0.12490653349454264,0.12351581536851759,0.12204603638598858,0.1204740593994634,0.11877003318424871,0.11689590532343039,0.11480477228260737,0.11244317653566083,0.10976055142028812,0.1067313109384094,0.10338927955809131,0.09985382524909432,0.09631050492058132,0.09294833968069566,0.08992518754455273,0.08740585609780899,0.0856269211297176,0.08488705382842412,0.08488705382842412,0.08488705382842106,0.08488705382823024,0.08488705315797332,0.08488700236273534,0.0848862616645878,0.08488182840685424,0.08486628947999049,0.08482762711007767,0.08475119255594005,0.08462243736249257,0.08442908067118031,0.08416223171316164,0.08381659630734498,0.08339010628448618,0.08288328555441875,0.08229856526284768,0.08163966353868224,0.08091107726902795,0.08011769349924769
1.5,0.12925181117881537,0.12796581046602729,0.12663125693641397,0.1252340484853796,0.12375607724875409,0.12217400896908533,0.12045783711364365,0.11856949318787993,0.11646239855582277,0.1140841233000785,0.11138632696055994,0.1083471282006628,0.10500471695588304,0.10148102422621688,0.09796027828280153,0.0946278315966293,0.09163889887995313,0.08915697081859517,0.08741546121385976,0.08664443105213866,0.08664443105213866,0.08664443105213705,0.08664443105197894,0.08664443047091998,0.08664438510132207,0.0866437109448587,0.08663961793437569,0.08662510207657087,0.08658862654413063,0.08651591006271385,0.0863925455088991,0.08620615876215038,0.0859475895814348,0.08561117728623693,0.0851944609389857,0.08469759601365578,0.08412269912170571,0.0834732403055836,0.08275353559450592,0.08196835217036805
1.52,0.13098584188387433,0.12969600840825718,0.12835631048673196,0.12695247045323046,0.12546619113262752,0.1238739522407733,0.12214560891299545,0.12024310294005755,0.11812021965864108,0.11572560615302296,0.11301318586209014,0.1099647505209505,0.10662268904787135,0.10311124190235117,0.09961317636954001,0.09631025443125521,0.09335515223100718,0.09091004257741844,0.08920512571980613,0.08849638489980066,0.08849638489980066,0.08849638489980148,0.08849638489961181,0.08849638428025239,0.08849633816276556,0.08849566932590394,0.0884916533682378,0.08847746470429518,0.08844181605436119,0.08837063929802055,0.08824962508050767,0.08806636753150879,0.08781157623604227,0.0874794071753889,0.08706720245063687,0.08657493368180688,0.08600456110796308,0.08535943115761963,0.08464376863653428,0.08386227854710958
1.54,0.1327204709774173,0.13142664131331638,0.13008164838136105,0.12867104440362895,0.12717635040260267,0.12557387107739415,0.1238333401338128,0.1219167358118679,0.11977824577423624,0.11736764139510004,0.11464114319099145,0.11158417840392397,0.10824316750468653,0.10474441822503065,0.10126911956731613,0.09799552324634064,0.09507386573925318,0.09266499993645765,0.0909958622496081,0.09030780022616212,0.09030780022616212,0.09030780022616258,0.09030780022601202,0.09030779967468387,0.09030775724465157,0.09030713324682206,0.09030335319031693,0.09028989802727766,0.09025586203790183,0.09018748474625013,0.09007058640520153,0.08989269467498387,0.0896443009031236,0.0893192582563182,0.08891458353399893,0.08842994520264381,0.0878670480730175,0.08722904095832991,0.08652000845458235,0.0857445663749202
1.56,0.1344556404150194,0.13315765886369957,0.1318072284861992,0.13038973675051233,0.12888653030168282,0.12727374976735786,0.12552102425861714,0.12359039442347129,0.12143648785622899,0.11901024537650248,0.11627021332217322,0.11320541130673678,0.10986612360546644,0.10638049435803772,0.10292803094377839,0.09968355648014261,0.09679496112724446,0.09442177488628208,0.09278762688583354,0.09209468320492005,0.09209468320492005,0.09209468320492009,0.09209468320475808,0.09209468266497334,0.09209464196374811,0.09209404739892248,0.09209044800251324,0.09207760376365715,0.09204498524404586,0.09197916899112905,0.09186616399313274,0.09169350468461278,0.09145153412770211,0.09113385601221513,0.09073719155888216,0.09026091119645445,0.08970644818141456,0.08907672205234272,0.0883756363016731,0.08760767310934059
1.58,0.13619129604351304,0.13488901440902326,0.13353301204891835,0.13210851694709558,0.13059670871940732,0.12897357481146468,0.12720865651187113,0.12526408262267935,0.12309495750036833,0.12065343440845644,0.1179004099065145,0.11482844767330883,0.11149152829986013,0.1080194126780522,0.10458983614005815,0.10137427577529382,0.09851836349575621,0.09618030263400432,0.09458037396292883,0.09395260717570637,0.09395260717570637,0.09395260717571004,0.0939526071755521,0.09395260663619222,0.09395256627724274,0.09395198226343547,0.0939484675951494,0.09393595332857843,0.09390416339841874,0.0938399125331282,0.09372934420896163,0.09355999232048734,0.09332208390391472,0.09300903434561296,0.09261734848342233,0.09214618606744165,0.09159679610016437,0.09097194984046619,0.090275440203388,0.08951167358063346
1.6,0.13792738737182633,0.13662066473225973,0.13525896346590072,0.13382735725903813,0.13230686597760877,0.13067333472725318,0.12889623368782505,0.12693780533984522,0.12475366682989897,0.12229722468624496,0.11953174584658938,0.11645328497182138,0.11311935226715605,0.10966111676882559,0.10625446326783673,0.10306760581726734,0.10024400113500552,0.09794052140677406,0.09637406112089215,0.09572377064478768,0.09572377064478768,0.09572377064478868,0.09572377064465752,0.09572377017020305,0.09572373358226083,0.09572319544556908,0.09571992170546495,0.09570816425698943,0.09567807115008226,0.09561683990426702,0.09551083470985477,0.09534760485344676,0.09511721210067502,0.09481278471641852,0.09443048236519777,0.09396911411669183,0.09342960862121907,0.09281446706995736,0.09212727016834772,0.0913722691458003
1.62,0.13966386735311062,0.1383525698290238,0.13698505006340625,0.13554623255315484,0.13401698463231143,0.1323730198693157,0.13058375399369143,0.1286115684568823,0.12641262839327172,0.12394163222253293,0.12116423327973665,0.1180799197345662,0.11474956597232164,0.11130555141312312,0.10792184281088094,0.10476347418265106,0.10197180534874309,0.09970237227035486,0.09816865043664713,0.09756681177078166,0.09756681177078166,0.09756681177078208,0.09756681177063198,0.09756681126778846,0.09756677396684722,0.09756623700718076,0.09756300949751415,0.09755148638548006,0.09752205607965309,0.09746217359456152,0.0973583878580852,0.0971983135588888,0.0969719601011057,0.09667231558624534,0.096295349659136,0.09583966508346538,0.09530599230403516,0.09469665736469693,0.09401509616953252,0.09326544734942754
1.6400000000000001,0.14140069217795634,0.14008469269935694,0.1387112418925971,0.13726512010072128,0.13572704929061905,0.1340726222646576,0.13227121690704352,0.130285378689028,0.12807185507289837,0.12558667278979657,0.1227978835676507,0.119708347599493,0.11638213971889011,0.11295266258258442,0.10959190753083259,0.10646181119655433,0.10370171029019665,0.10146579896124602,0.09996410195220617,0.09938183794475944,0.09938183794475944,0.09938183794475797,0.09938183794463662,0.09938183748918167,0.0993818026322699,0.09938129490751688,0.09937822544525576,0.0993672191824363,0.0993389915676393,0.09928131558498125,0.09918094477400646,0.09902553676650105,0.0988049920929236,0.09851208170690298,0.0981425019059115,0.09769457089526563,0.09716875507283954,0.09656715525343716,0.09589302847261637,0.09515038099273695
1.6600000000000001,0.1431378210781057,0.14181699915130513,0.1404375115374114,0.13898399939448458,0.13743704644166274,0.13577213546172012,0.1339586230459239,0.1319592434781415,0.12973136000384985,0.12723236187093986,0.12443270729144096,0.12133856335285756,0.11801704369863249,0.11460239742575015,0.11126459237708905,0.10816254979850329,0.10543365280893272,0.10323074773051118,0.10176038143205143,0.10117375688648511,0.10117375688648511,0.10117375688648633,0.10117375688636086,0.10117375644194512,0.10117372287151649,0.10117323597003197,0.10117029596799122,0.10115974528684746,0.10113262677429033,0.10107705304485887,0.10098002391599467,0.10082929225160314,0.1006147005380725,0.10032884187539712,0.09996716122361732,0.0995276957128799,0.0990106348408554,0.09841782913831514,0.09775232424655653,0.09701795843693925
1.68,0.14487521614065207,0.14354945761611126,0.1421638339348984,0.14070285197871857,0.13914696430063406,0.1374715543921196,0.13564597405097145,0.13363317089654392,0.1313911565015234,0.12887871461715272,0.12606871425153102,0.12297056097246752,0.11965424803798613,0.11625470425443919,0.11293983440055375,0.10986562541621542,0.10716757230777688,0.10499716719938423,0.10355745450811263,0.10302395010242901,0.10302395010242901,0.10302395010242764,0.10302395010230134,0.10302394965649578,0.10302391616603658,0.10302343428027057,0.10302054349548717,0.10301021074319393,0.10298369688377729,0.10292936448344381,0.10283441158697144,0.10268668366823683,0.10247600033498136,0.10219483788084421,0.10183846503687469,0.10140471719334701,0.10089358319767917,0.10030673159022188,0.09964705419348055,0.09891826706583273
1.7,0.1466128421320629,0.14528203897416955,0.14389018620716484,0.14242166129125922,0.14085679266494017,0.13917087524407923,0.13733327247808585,0.13530716956016042,0.1330512579972857,0.13052574581219017,0.12770591347160926,0.12460433367111864,0.12129372284132996,0.11790953252866296,0.11461757267112554,0.11157097584674863,0.10890341060902375,0.10676500822475699,0.10535528790408445,0.10480567218227714,0.10480567218227714,0.10480567218228044,0.1048056721821756,0.10480567178541983,0.10480564105536022,0.10480519193822087,0.10480247335082372,0.10479269391363569,0.10476746376133363,0.1047155040414899,0.1046242738552877,0.10448172110877232,0.10427760436356098,0.10400420899832707,0.1036565318828275,0.10323210300065899,0.10273060959494443,0.10215344736375852,0.10150327776457012,0.10078363400604423
1.72,0.14835066633177094,0.14701471639151859,0.1456165475045256,0.14414041251706688,0.14256652278165846,0.14087009534658096,0.13902052170105283,0.1369812485504311,0.13471167798128164,0.13217346984237133,0.1293443132061037,0.12623987393984606,0.12293543823111988,0.11956683284027951,0.11629774819874596,0.11327854114451247,0.11064111182922995,0.10853422377403937,0.10715385241219041,0.1066422249744066,0.1066422249744066,0.10664222497440681,0.10664222497428555,0.1066422245577675,0.10664219330901284,0.10664174430682814,0.10663905476800069,0.10662944019392978,0.10660471542493694,0.10655385656178468,0.10646454915533977,0.10632487869923997,0.10612463051415756,0.1058560161011757,0.10551388509013873,0.10509557823687501,0.10460057928471334,0.10403008697642212,0.10338658589164594,0.10267345972889244
1.74,0.15008865837493246,0.14874746516617232,0.14734289885892338,0.14585909245234563,0.14427614722549156,0.14256921306343912,0.14070772582298458,0.1386554173437453,0.13637242995178728,0.13382190067166744,0.13098392095060699,0.12787717359073214,0.12457936438501681,0.12122655689554321,0.11798030385784691,0.11498826351567937,0.11238062226193951,0.11030476880892898,0.10895311723838288,0.10845944508095093,0.10845944508095093,0.10845944508095026,0.10845944508085151,0.10845944469876301,0.10845941518012918,0.10845898627709857,0.10845640519908634,0.10844715460686404,0.10842331176540229,0.1083741456028962,0.10828757832940904,0.1081518159998256,0.10795663251772802,0.10769411500200092,0.10735891186388574,0.10694812422601069,0.10646098998009172,0.105898478626374,0.10526287575044821,0.10455740249171093
1.76,0.1518267901040304,0.15048026258398967,0.14906922304730263,0.14757768937865012,0.14598565978642314,0.1442682276964979,0.14239488959595736,0.14032968574796956,0.13803352737025035,0.13547105182129215,0.1326247434548124,0.12951622379901434,0.12622547157007274,0.1228886574967335,0.11966518431507224,0.11670008721856537,0.11412189026776484,0.11207660017670937,0.11075305519656864,0.11025577621113378,0.11025577621113378,0.1102557762111343,0.11025577621103189,0.11025577583969912,0.11025574736943734,0.11025533424340295,0.11025284896002219,0.11024393897495521,0.11022094901701314,0.11017345731346513,0.11008965074419272,0.10995789083267943,0.10976797464500695,0.10951189235496249,0.10918410704128056,0.10878148309456524,0.10830300354246654,0.10774939036143105,0.10712270586504379,0.10642598153503385
1.78,0.1535650354287505,0.1522130877834132,0.15079550446428774,0.14929619294632743,0.14769505536626112,0.14596713939702793,0.14408201834799184,0.14200406384523467,0.13969498362162946,0.1371209363532676,0.13426678673750536,0.1311570151442903,0.1278737301741294,0.12455308852300398,0.1213523359600949,0.11841395846960784,0.11586486617125305,0.11384967650908202,0.11255363990260539,0.11209969260307137,0.11209969260307137,0.11209969260307087,0.11209969260296931,0.1120996922303011,0.1120996637872472,0.11209925348753474,0.11209679868159672,0.11208803476358026,0.11206548046598976,0.1120189435822391,0.11193683083304144,0.11180765514181672,0.11162126781445271,0.11136961743855775,0.11104704994025175,0.11065026435299484,0.11017805643960131,0.10963096010062895,0.10901086345227018,0.10832064640579178
1.8,0.15530337019414261,0.1539459216287488,0.1525217290034938,0.15101459406658563,0.14940432988373678,0.1476659490849151,0.14576911791684238,0.14367856194049236,0.14135681197932043,0.13877156685757383,0.13591005610332058,0.1327995376506908,0.12952411073452502,0.12621980491058885,0.12304170683946464,0.12012982535456898,0.11760950216408558,0.1156239581276774,0.11435484500392915,0.11388952889258736,0.11388952889258736,0.11388952889258772,0.11388952889250172,0.11388952855762607,0.1138895022143865,0.11388911630664991,0.11388678805260335,0.11387843288577176,0.11385684586614306,0.11381214736786366,0.11373301012126316,0.11360810346916395,0.11342730185247615,0.11318245490319956,0.11286771884535694,0.11247954959765723,0.1120164803997916,0.11147878948176149,0.11086813369513027,0.11018719588606489
1.82,0.15704177205617986,0.15567874659149747,0.15424788394710642,0.15273288481168001,0.15111348018700252,0.14936465837475554,0.1474561945897751,0.14535319051504542,0.14301902557429078,0.1404229554423818,0.1375545561608716,0.1344437808258547,0.13117658396427606,0.1278887626325098,0.1247332465932613,0.12184763774461108,0.11935575221411951,0.11739940695554403,0.1161566474887223,0.11572133344340758,0.11572133344340758,0.11572133344340985,0.11572133344331231,0.11572133309514375,0.11572130643525902,0.11572092093301478,0.11571861386153322,0.11571037951067734,0.11568917708542953,0.11564535451528928,0.11556781676967232,0.11544541093194224,0.11526809972907118,0.11502772495386686,0.11471835259893975,0.11433628967941767,0.11387988734534099,0.11334923088566579,0.11274579039788846,0.11207207958703502
1.84,0.15878022036483636,0.15741154663926646,0.15597395786317558,0.1544510583225956,0.15282250397342287,0.15106326950841747,0.14914325504900103,0.14702796018486392,0.14468163736800502,0.14207511372711723,0.13920029084202346,0.1360897336986844,0.13283112077582973,0.12955991867787792,0.1264269063945021,0.12356734721695502,0.12110357197986785,0.11917598643463084,0.1179590233657251,0.11753984139724,0.11753984139724,0.11753984139724269,0.11753984139715669,0.11753984107465337,0.11753981570308539,0.11753944485178405,0.11753721553517901,0.11752924329734367,0.11750869058742248,0.11746615638725216,0.11739078151318628,0.1172715762813476,0.11709856418245343,0.11686354486701259,0.11656045875883893,0.1161854318914522,0.11573660704012814,0.11521385701517253,0.11461845217029512,0.11395272973963635
1.86,0.16051869605403946,0.15914430713192826,0.15769994051002487,0.15616910872384787,0.15453139971587548,0.15276178529342166,0.1508303063220811,0.14870288166301754,0.14634466012869593,0.14372805283792586,0.1408472634220463,0.137737384855725,0.1344876923025488,0.13123323103092538,0.12812263889117453,0.12528890697982104,0.12285291873004875,0.12095366144828804,0.11976195077848333,0.11933995435439951,0.11933995435439951,0.11933995435439988,0.11933995435431467,0.11933995404194002,0.11933992956182315,0.11933957136549343,0.11933741608560498,0.11932970421683818,0.11930980984312847,0.11926859656382532,0.11919545976603454,0.11907959503315965,0.11891110838643873,0.11868177489278336,0.11838541981899316,0.11801799020615047,0.11757741435989974,0.1170633399202192,0.11647682026570376,0.11581999651978223
1.8800000000000001,0.16225718153822127,0.160877014724438,0.15942582274754985,0.15788703104458793,0.15624016659496534,0.154460209046677,0.15251735573694286,0.15037796572590129,0.14800810641066642,0.14538178340531382,0.14249547654043812,0.13938672247619202,0.13614626991806836,0.1329086586498377,0.1298203981507213,0.12701227180139613,0.12460375126783356,0.12273239824873614,0.12156540909495195,0.1211787998905639,0.1211787998905639,0.12117879989056274,0.12117879989047997,0.1211787995772918,0.12117877513992525,0.12117841910032312,0.12117628534339177,0.12116867721558103,0.12114910293455709,0.12110862182212592,0.1210368422894253,0.12092313803159657,0.12075772170836405,0.12053239047168668,0.12024091356589435,0.11987912173330376,0.11944478844335085,0.11893738854308529,0.11835780143494451,0.11770800518410474
1.9000000000000001,0.16399566061512666,0.16260965727625587,0.16115159645472912,0.15960482114592864,0.1579488044369462,0.15615854454320277,0.15420441088103415,0.15205322318282197,0.14967198853633779,0.14703631556373362,0.14414493222225624,0.14103773436556571,0.13780682525362886,0.134586161445466,0.13152013960694747,0.12873739794253927,0.12635602985946004,0.12451216438909064,0.12336937730522005,0.12297489190785812,0.12297489190785812,0.12297489190785633,0.12297489190778656,0.12297489162401536,0.12297486882359587,0.12297453158482259,0.1229724939238041,0.12296519438495027,0.12294635573153681,0.12290729749467445,0.12283787572462646,0.12272764417974905,0.12256689620037392,0.12234740547123651,0.12206282894884511,0.12170882175979811,0.12128294584584406,0.12078445281759759,0.12021400577610511,0.11957338607621976
1.92,0.1657341183746633,0.16434222376651075,0.16287725445307946,0.1613224756538215,0.15965731365671357,0.15785679596918106,0.15589147956420796,0.15372866484876463,0.151336318580715,0.14869165895278313,0.14579563189969477,0.14269040798779806,0.13946933021354072,0.13626570026004947,0.1332218200091888,0.1304642430930484,0.12810971616696765,0.12629292865941147,0.12517383696129658,0.12480320570846136,0.12480320570846136,0.12480320570845971,0.1248032057083835,0.12480320541591491,0.12480318246015354,0.1248028462906812,0.12480082684759436,0.1247936222769439,0.12477508383546854,0.1247367226270363,0.12466861063800358,0.12456049224962305,0.12440278770445322,0.12418731625853809,0.12390770069427667,0.12355949643013292,0.12314012007118867,0.12264865262898692,0.12208557902949058,0.12145250848334663
1.94,0.16747254111329485,0.16607470421508336,0.16460279043564702,0.1630399918970586,0.16136569520539493,0.1595549678792505,0.1575785697850624,0.15540430151979226,0.15300110835810551,0.1503478227199248,0.14744757643396586,0.14434473049602403,0.14113375698890973,0.13794723684593532,0.13492539737365616,0.13219276631122748,0.12986477318469777,0.12807466102679854,0.12697876916482098,0.12662242497356904,0.12662242497356904,0.12662242497356865,0.12662242497350337,0.12662242470050372,0.12662240273860395,0.12662207780469817,0.12662011692822275,0.12661310791348462,0.12659505740941274,0.1265576826579214,0.12649127124251747,0.12638574520090196,0.12623163057479556,0.12602076775843307,0.1257467215947755,0.12540492737790326,0.12499264063744141,0.1245087609581213,0.1239535886856894,0.12332855804815052
1.96,0.16921091625383378,0.16780708960882393,0.1663281989011393,0.1647573678502109,0.16307395052243434,0.1612530651574306,0.15926568970040228,0.15708014395108033,0.15466636941072875,0.15200481552448347,0.14910076613711934,0.14600068876191974,0.1428000780696955,0.13963073384440972,0.13663083093684927,0.1339229279665857,0.1316211651793739,0.1298573325789555,0.12878415619496372,0.12842573269162857,0.12842573269162857,0.12842573269162794,0.12842573269155966,0.12842573242779548,0.12842571123479515,0.12842539683433427,0.1284234955323631,0.12841669159742283,0.12839915736316954,0.1283628281772983,0.12829822012403808,0.12819544617836864,0.12804515059574734,0.12783920471602467,0.1275711210833079,0.12723621549013045,0.1268315780074346,0.12635591813093902,0.12580933984056625,0.12519308876532867
1.98,0.17094923227020892,0.1695393718328761,0.16805347509279692,0.16647460208089868,0.16478208149150608,0.16295109298143168,0.1609528475973756,0.15875620283720082,0.1563321129992153,0.15366264554271525,0.150755200793899,0.14765826940359583,0.1444682662552949,0.14131615476470252,0.13833808111095647,0.1356546896854312,0.1333788576335025,0.13164091547109974,0.13058998165221822,0.1302604946837122,0.1302604946837122,0.13026049468371007,0.13026049468364495,0.13026049441961451,0.13026047329948426,0.13026016097921256,0.13025827729409228,0.13025155341205516,0.13023426435910973,0.13019850556753718,0.1301349841491303,0.13003399427088394,0.12988631529050873,0.12968388667543082,0.12942021790186412,0.12909055878003603,0.12869188567571968,0.1282227639704066,0.12768313931753686,0.12707409814082224
2.0,0.17268747861695743,0.1712715436066251,0.16977861494191943,0.1681916937012644,0.16649009040015936,0.16464905679010056,0.16264005186831781,0.16043248879433647,0.15799835009462443,0.1553213204739506,0.15241087968342418,0.1493174588121525,0.14613829466370087,0.14300346396314167,0.14004710944115334,0.13738801429926745,0.13513781719184542,0.1334253828760815,0.1323962286821684,0.13206142399430765,0.13206142399430765,0.13206142399430917,0.1320614239942501,0.13206142375327817,0.1320614039296269,0.13206110648848793,0.13205929805221162,0.13205281337008265,0.13203609357461074,0.1320014449062088,0.13193979208876244,0.13184161079910348,0.13169779374199136,0.13150031172822346,0.13124262667077685,0.13091987630855784,0.13052887997005452,0.13006802095801123,0.12953705519814196,0.12893688526134922
