m_value,dT_step,Vl,I_0,delta_V,S(V),delta_V_shifted,S_V_shifted
1,0.02,0.0,0.0,0.0,-0.0,1.0,1.0
1,0.02,0.02,3.62e-102,0.0,-0.0,1.0,1.0
1,0.02,0.04,3.22e-94,0.0,-0.0,1.0,1.0
1,0.02,0.06,6.0599999999999994e-89,0.0,-0.0,1.0,1.0
1,0.02,0.08,3.7000000000000003e-88,0.0,-0.0,1.0,1.0
1,0.02,0.1,2.26e-87,0.0,-0.0,1.0,1.0
1,0.02,0.12,2.3499999999999997e-82,0.0,-0.0,1.0,1.0
1,0.02,0.14,1.95e-74,0.0,-0.0,1.0,1.0
1,0.02,0.16,1.59e-66,0.0,-0.0,1.0,1.0
1,0.02,0.18,2.13e-64,0.0,-0.0,1.0,1.0
1,0.02,0.2,1.29e-63,0.0,-0.0,1.0,1.0
1,0.02,0.22,2.27e-62,0.0,-0.0,1.0,1.0
1,0.02,0.24,1.3899999999999998e-54,0.0,-0.0,1.0,1.0
1,0.02,0.26,8.64e-47,0.0,-0.0,1.0,1.0
1,0.02,0.28,5.6e-41,0.0,-0.0,1.0,1.0
1,0.02,0.3,3.16e-40,0.0,-0.0,1.0,1.0
1,0.02,0.32,1.72e-39,0.0,-0.0,1.0,1.0
1,0.02,0.34,1.36e-35,0.0,-0.0,1.0,1.0
1,0.02,0.36,1.0600000000000001e-29,0.0,-0.0,1.0,1.0
1,0.02,0.38,3.81e-27,0.0,-0.0,1.0,1.0
1,0.02,0.4,6.67e-27,0.0,-0.0,1.0,1.0
1,0.02,0.42,8.850000000000001e-27,0.0,-0.0,1.0,1.0
1,0.02,0.44,8.210000000000001e-26,-0.15996126036755182,7.99806301837759,-0.599612603675518,2.599612603675518
1,0.02,0.46,1.78e-25,-0.17996126036613386,8.998063018306693,-0.7996126036613385,2.7996126036613385
1,0.02,0.48,6.079999999999999e-23,-0.19996125946976973,9.998062973488485,-0.9996125946976971,2.9996125946976973
1,0.02,0.5,2.13e-15,-0.19999998404905772,9.999999202452885,-0.9999998404905771,2.999999840490577
1,0.02,0.52,1.18e-14,-0.21999978629827355,10.999989314913677,-1.1999978629827353,3.1999978629827353
1,0.02,0.54,5.84e-14,-0.23999883333172295,11.999941666586148,-1.3999883333172294,3.3999883333172294
1,0.02,0.56,6.61e-11,-0.2586482875001924,12.932414375009621,-1.586482875001924,3.5864828750019244
1,0.02,0.58,7.76e-06,-0.10750769230769225,5.375384615384612,-0.07507692307692243,2.075076923076922
1,0.02,0.6,0.00126069,-0.008879545939876166,0.4439772969938083,0.9112045406012383,1.0887954593987617
1,0.02,0.62,0.002016452,-0.019673449665103426,0.9836724832551713,0.8032655033489657,1.1967344966510343
1,0.02,0.64,0.00265109,-0.02639811487309074,1.319905743654537,0.7360188512690926,1.2639811487309074
1,0.02,0.66,0.006974388,-0.0011131679538395334,0.05565839769197667,0.9888683204616047,1.0111316795383953
1,0.02,0.68,0.008363078,0.0002918059979403198,-0.01459029989701599,1.0029180599794032,1.0029180599794032
1,0.02,0.7,0.010045191,-0.0007659386625211706,0.03829693312605853,0.9923406133747883,1.0076593866252117
1,0.02,0.72,0.012990494,0.00018801836585857767,-0.009400918292928884,1.0018801836585858,1.0018801836585858
1,0.02,0.74,0.013864298,4.0638927298997096e-05,-0.002031946364949855,1.00040638927299,1.00040638927299
1,0.02,0.76,0.016665613,-0.0004991154954840926,0.02495577477420463,0.9950088450451591,1.004991154954841
1,0.02,0.78,0.018299424,-0.00011336414858797994,0.005668207429398997,0.9988663585141202,1.0011336414858798
1,0.02,0.8,0.019643207,-0.0012084022245074655,0.060420111225373274,0.9879159777549253,1.0120840222450747
1,0.02,0.82,0.022417188,-0.0002910221076501962,0.01455110538250981,0.997089778923498,1.002910221076502
1,0.02,0.84,0.023482787,-0.0004925048036379387,0.024625240181896935,0.9950749519636206,1.0049250480363794
1,0.02,0.86,0.025883923,-0.0007227092018246006,0.03613546009123003,0.992772907981754,1.007227092018246
1,0.02,0.88,0.027711373,-0.0002882377019902682,0.01441188509951341,0.9971176229800973,1.0028823770199027
1,0.02,0.9,0.029016458,-0.0011269844898417203,0.056349224492086014,0.9887301551015828,1.0112698448984172
1,0.02,0.92,0.031663764,-0.00036635732134238097,0.01831786606711905,0.9963364267865762,1.0036635732134238
1,0.02,0.94,0.032895132,-0.00046508249626520115,0.023254124813260058,0.995349175037348,1.004650824962652
1,0.02,0.96,0.035081291,-0.0007590080209993744,0.03795040104996872,0.9924099197900063,1.0075900802099937
1,0.02,0.98,0.037014127,-0.0003094818169708802,0.015474090848544009,0.9969051818302912,1.0030948181697088
1,0.02,1.0,0.03834495,-0.0009583698103051708,0.04791849051525854,0.9904163018969483,1.0095836981030517
1,0.02,1.02,0.040873113,-0.00039375789677320583,0.01968789483866029,0.9960624210322679,1.003937578967732
1,0.02,1.04,0.042234503,-0.0004180631833790027,0.020903159168950136,0.99581936816621,1.00418063183379
1,0.02,1.06,0.044287874,-0.0007461002373747583,0.037305011868737914,0.9925389976262524,1.0074610023737476
1,0.02,1.08,0.046273823,-0.00031446858926198473,0.015723429463099237,0.9968553141073802,1.0031446858926198
1,0.02,1.1,0.047650175,-0.0008159774560676514,0.04079887280338257,0.9918402254393235,1.0081597745606765
1,0.02,1.12,0.05007195,-0.000405614143252242,0.0202807071626121,0.9959438585674776,1.0040561414325224
1,0.02,1.14,0.05153438,-0.00038409336923028725,0.019204668461514363,0.9961590663076971,1.0038409336923029
1,0.02,1.16,0.053501664,-0.0007132760812573746,0.03566380406286873,0.9928672391874263,1.0071327608125737
1,0.02,1.18,0.055510419,-0.0003155670817591716,0.01577835408795858,0.9968443291824083,1.0031556708175917
1,0.02,1.2,0.056937206,-0.0007046762060320955,0.03523381030160477,0.992953237939679,1.007046762060321
1,0.02,1.22,0.059266685,-0.00040856861690530266,0.020428430845265133,0.995914313830947,1.004085686169053
1,0.02,1.24,0.060807712,-0.0003596003563783867,0.017980017818919336,0.9964039964362161,1.0035960035637839
1,0.02,1.26,0.062717962,-0.0006717595334708726,0.03358797667354363,0.9932824046652913,1.0067175953347087
1,0.02,1.28,0.064731829,-0.00031451497204404433,0.015725748602202216,0.9968548502795596,1.0031451497204404
1,0.02,1.3,0.066208012,-0.0006179365364651357,0.030896826823256784,0.9938206346353486,1.0061793653646514
1,0.02,1.32,0.06845853,-0.00040540324329696453,0.020270162164848227,0.9959459675670304,1.0040540324329696
1,0.02,1.34,0.07006086,-0.00034079536176823133,0.017039768088411567,0.9965920463823177,1.0034079536176823
1,0.02,1.36,0.071933023,-0.000627198588913469,0.03135992944567345,0.9937280141108653,1.0062719858891347
1,0.02,1.38,0.073941752,-0.0003116909092928388,0.015584545464641941,0.9968830909070716,1.0031169090929284
1,0.02,1.4,0.075463822,-0.0005493526516109348,0.02746763258054674,0.9945064734838907,1.0054935265161093
1,0.02,1.42,0.077647246,-0.00039788151710173914,0.019894075855086957,0.9960211848289826,1.0039788151710174
1,0.02,1.44,0.079297515,-0.0003254109114774195,0.016270545573870976,0.9967458908852258,1.0032541091147742
1,0.02,1.46,0.081144297,-0.0005826777617348178,0.02913388808674089,0.9941732223826518,1.0058267776173482
1,0.02,1.48,0.083142151,-0.00030734291972733807,0.015367145986366904,0.9969265708027266,1.0030734291972734
1,0.02,1.5,0.084705666,-0.0004941266874720629,0.024706334373603145,0.9950587331252794,1.0049412668747206
1,0.02,1.52,0.086832283,-0.0003872428370128578,0.01936214185064289,0.9961275716298714,1.0038724283701286
1,0.02,1.54,0.088520116,-0.00031208002333937834,0.015604001166968917,0.9968791997666062,1.0031208002333938
1,0.02,1.56,0.090350178,-0.0005398580155620003,0.026992900778100015,0.99460141984438,1.00539858015562
1,0.02,1.58,0.092334205,-0.00030168043304112935,0.015084021652056467,0.9969831956695887,1.0030168043304113
1,0.02,1.6,0.093934521,-0.00044881792732409664,0.022440896366204832,0.995511820726759,1.004488179273241
1,0.02,1.62,0.096013127,-0.0003744569475878645,0.018722847379393226,0.9962554305241214,1.0037445694758786
1,0.02,1.64,0.097730433,-0.00030004178658793457,0.015002089329396728,0.9969995821341207,1.0030004178658793
1,0.02,1.66,0.099549733,-0.0004996154253829044,0.02498077126914522,0.995003845746171,1.004996154253829
1,0.02,1.68,0.101518715,-0.00029492670125685905,0.014746335062842952,0.9970507329874314,1.0029492670125686
1,0.02,1.7,0.103151336,-0.00041098316445697947,0.020549158222848973,0.9958901683554302,1.0041098316445698
1,0.02,1.72,0.105189406,-0.00036027985622122394,0.018013992811061197,0.9963972014377878,1.0036027985622122
1,0.02,1.74,0.106929853,-0.00028882804468932655,0.014441402234466327,0.9971117195531067,1.0028882804468933
1,0.02,1.76,0.108742497,-0.0004623321637415856,0.02311660818707928,0.9953766783625841,1.0046233216374159
1,0.02,1.78,0.110696288,-0.00028730289112766094,0.014365144556383047,0.9971269710887234,1.0028730289112766
1,0.02,1.8,0.112357035,-0.0003789065386701207,0.018945326933506035,0.9962109346132988,1.0037890653867012
1,0.02,1.82,0.114360901,-0.0003453041977414806,0.01726520988707403,0.9965469580225852,1.0034530419774148
1,0.02,1.84,0.116119516,-0.00027820438681835924,0.013910219340917962,0.9972179561318164,1.0027820438681836
1,0.02,1.86,0.117928328,-0.00042809393893694647,0.021404696946847324,0.9957190606106305,1.0042809393893695
1,0.02,1.88,0.11986743,-0.00027903105107851545,0.013951552553925772,0.9972096894892148,1.0027903105107852
1,0.02,1.9,0.121552511,-0.0003513235212215804,0.01756617606107902,0.9964867647877842,1.0035132352122158
1,0.02,1.92,0.123527526,-0.00032998955511676087,0.016499477755838043,0.9967001044488324,1.0032998955511676
1,0.02,1.94,0.125300397,-0.0002680126449083886,0.01340063224541943,0.9973198735509161,1.0026801264490839
1,0.02,1.96,0.127107298,-0.00039685274807399473,0.019842637403699737,0.99603147251926,1.00396852748074
1,0.02,1.98,0.129032591,-0.0002702976490727149,0.013514882453635746,0.9972970235092729,1.0027029764907271
1,0.02,2.0,0.13073862,-0.0003273108557397819,0.016365542786989096,0.9967268914426022,1.0032731085573978
